file,class,type,cbo,cboModified,fanin,fanout,wmc,dit,noc,rfc,lcom,lcom*,tcc,lcc,totalMethodsQty,staticMethodsQty,publicMethodsQty,privateMethodsQty,protectedMethodsQty,defaultMethodsQty,visibleMethodsQty,abstractMethodsQty,finalMethodsQty,synchronizedMethodsQty,totalFieldsQty,staticFieldsQty,publicFieldsQty,privateFieldsQty,protectedFieldsQty,defaultFieldsQty,finalFieldsQty,synchronizedFieldsQty,nosi,loc,returnQty,loopQty,comparisonsQty,tryCatchQty,parenthesizedExpsQty,stringLiteralsQty,numbersQty,assignmentsQty,mathOperationsQty,variablesQty,maxNestedBlocksQty,anonymousClassesQty,innerClassesQty,lambdasQty,uniqueWordsQty,modifiers,logStatementsQty
/Users/bilgem/software_design_project/anomaly-detection/src/main/java/org/opensearch/ad/util/DiscoveryNodeFilterer.java,org.opensearch.ad.util.DiscoveryNodeFilterer$HotDataNodePredicate,innerclass,1,1,0,1,1,1,0,4,0,0.0,NaN,NaN,1,0,1,0,0,0,1,0,0,0,0,0,0,0,0,0,0,0,0,5,1,0,0,0,0,0,0,0,0,0,0,0,0,0,7,8,0
/Users/bilgem/software_design_project/anomaly-detection/src/main/java/org/opensearch/ad/util/BulkUtil.java,org.opensearch.ad.util.BulkUtil,class,7,8,1,7,10,1,0,16,1,0.5,0.0,0.0,2,2,2,0,0,0,2,0,0,0,1,1,0,1,0,0,1,0,1,32,3,2,2,1,0,1,0,4,0,4,3,0,0,0,56,1,1
/Users/bilgem/software_design_project/anomaly-detection/src/main/java/org/opensearch/ad/cluster/HashRing.java,org.opensearch.ad.cluster.HashRing,class,30,40,10,30,85,1,0,114,18,0.8220553,0.0,0.0,21,0,14,5,2,0,16,0,0,0,19,4,0,17,0,2,11,0,15,343,22,12,16,2,0,22,17,82,4,95,7,0,0,17,309,1,17
/Users/bilgem/software_design_project/anomaly-detection/src/main/java/org/opensearch/ad/ratelimit/RequestPriority.java,org.opensearch.ad.ratelimit.RequestPriority,enum,0,6,6,0,0,1,0,0,0,0.0,-1.0,-1.0,0,0,0,0,0,0,0,0,0,0,0,0,0,0,0,0,0,0,0,1,0,0,0,0,0,0,0,0,0,0,0,0,0,0,6,1,0
/Users/bilgem/software_design_project/anomaly-detection/src/main/java/org/opensearch/ad/feature/CompositeRetriever.java,org.opensearch.ad.feature.CompositeRetriever$PageIterator,innerclass,13,13,0,13,30,1,0,32,0,0.3888889,0.0,0.0,9,0,4,4,0,1,5,0,0,0,2,0,0,1,0,1,0,0,7,98,9,1,13,1,2,5,3,15,0,13,2,1,0,0,100,1,0
/Users/bilgem/software_design_project/anomaly-detection/src/main/java/org/opensearch/ad/ml/ModelManager.java,org.opensearch.ad.ml.ModelManager$ModelType,enum,0,0,0,0,2,1,0,0,0,0.0,0.0,0.0,2,0,1,0,0,1,2,0,0,0,1,0,0,1,0,0,0,0,0,8,1,0,0,0,0,3,0,1,0,1,0,0,0,0,19,1,0
/Users/bilgem/software_design_project/anomaly-detection/src/main/java/org/opensearch/ad/common/exception/LimitExceededException.java,org.opensearch.ad.common.exception.LimitExceededException,class,2,13,11,2,4,7,0,1,6,0.0,0.0,0.0,4,0,4,0,0,0,4,0,0,0,0,0,0,0,0,0,0,0,0,16,0,0,0,0,0,0,0,0,0,0,0,0,0,0,42,1,0
/Users/bilgem/software_design_project/anomaly-detection/src/main/java/org/opensearch/ad/AnomalyDetectorPlugin.java,org.opensearch.ad.AnomalyDetectorPlugin$Anonymous1,anonymous,3,3,0,3,1,1,0,0,0,0.0,NaN,NaN,1,0,1,0,0,0,1,0,0,0,0,0,0,0,0,0,0,0,0,13,1,0,0,0,0,0,0,0,0,0,0,1,0,0,1,-1,0
/Users/bilgem/software_design_project/anomaly-detection/src/main/java/org/opensearch/ad/model/ADTaskState.java,org.opensearch.ad.model.ADTaskState,enum,0,2,2,0,0,1,0,2,0,NaN,-1.0,-1.0,0,0,0,0,0,0,0,0,0,0,1,1,1,0,0,0,0,0,0,2,0,0,0,0,0,0,0,1,0,1,0,0,0,0,108,1,0
/Users/bilgem/software_design_project/anomaly-detection/src/main/java/org/opensearch/ad/rest/handler/AnomalyDetectorFunction.java,org.opensearch.ad.rest.handler.AnomalyDetectorFunction,interface,0,8,8,0,1,1,0,0,0,0.0,NaN,NaN,1,0,0,0,0,1,1,0,0,0,0,0,0,0,0,0,0,0,0,3,0,0,0,0,0,0,0,0,0,0,0,0,0,0,16,1,0
/Users/bilgem/software_design_project/anomaly-detection/src/main/java/org/opensearch/ad/task/ADHCBatchTaskCache.java,org.opensearch.ad.task.ADHCBatchTaskCache,class,1,3,2,1,43,1,0,18,230,0.828125,0.0,0.0,32,0,32,0,0,0,32,0,0,0,10,0,0,10,0,0,0,0,3,152,24,1,6,0,0,0,7,18,1,17,3,0,0,2,112,1,0
/Users/bilgem/software_design_project/anomaly-detection/src/main/java/org/opensearch/ad/transport/PreviewAnomalyDetectorTransportAction.java,org.opensearch.ad.transport.PreviewAnomalyDetectorTransportAction$Anonymous1,anonymous,2,2,0,2,1,1,0,1,0,0.0,NaN,NaN,1,0,1,0,0,0,1,0,0,0,0,0,0,0,0,0,0,0,0,6,0,0,0,0,0,0,0,1,0,1,0,0,0,0,9,-1,0
/Users/bilgem/software_design_project/anomaly-detection/src/main/java/org/opensearch/ad/task/ADBatchTaskRunner.java,org.opensearch.ad.task.ADBatchTaskRunner,class,65,69,4,65,101,1,0,248,0,0.82186955,0.0,0.0,27,0,5,22,0,0,5,0,0,1,21,2,0,21,0,0,16,0,15,636,16,2,10,8,10,60,34,145,46,186,5,0,0,59,338,1,37
/Users/bilgem/software_design_project/anomaly-detection/src/main/java/org/opensearch/ad/transport/PreviewAnomalyDetectorTransportAction.java,org.opensearch.ad.transport.PreviewAnomalyDetectorTransportAction$Anonymous2,anonymous,7,7,0,7,3,1,0,11,0,0.0,NaN,NaN,1,0,1,0,0,0,1,0,0,0,0,0,0,0,0,0,0,0,2,17,1,0,0,1,0,1,0,2,1,2,1,0,0,0,24,-1,0
/Users/bilgem/software_design_project/anomaly-detection/src/main/java/org/opensearch/ad/transport/PreviewAnomalyDetectorAction.java,org.opensearch.ad.transport.PreviewAnomalyDetectorAction,class,2,3,1,2,1,2,0,0,0,0.5,-1.0,-1.0,1,0,0,1,0,0,0,0,0,0,2,2,2,0,0,0,2,0,0,7,0,0,0,0,0,1,0,2,1,2,0,0,0,0,12,1,0
/Users/bilgem/software_design_project/anomaly-detection/src/main/java/org/opensearch/ad/indices/ADIndex.java,org.opensearch.ad.indices.ADIndex,enum,1,3,2,1,4,1,0,2,0,0.5,0.0,0.0,4,0,3,0,0,1,4,0,0,0,3,0,0,3,0,0,3,0,5,18,3,0,0,0,0,0,0,3,0,3,0,0,0,0,33,1,0
/Users/bilgem/software_design_project/anomaly-detection/src/main/java/org/opensearch/ad/cluster/MasterEventListener.java,org.opensearch.ad.cluster.MasterEventListener,class,13,17,4,13,10,1,0,7,9,0.67857146,0.0,0.0,7,0,3,2,2,0,5,0,0,0,8,0,0,8,0,0,0,0,0,62,3,0,3,0,0,0,2,11,0,9,1,2,0,0,40,1,0
/Users/bilgem/software_design_project/anomaly-detection/src/main/java/org/opensearch/ad/transport/RCFPollingAction.java,org.opensearch.ad.transport.RCFPollingAction,class,2,3,1,2,1,2,0,0,0,0.5,-1.0,-1.0,1,0,0,1,0,0,0,0,0,0,2,2,2,0,0,0,2,0,0,7,0,0,0,0,0,1,0,2,1,2,0,0,0,0,12,1,0
/Users/bilgem/software_design_project/anomaly-detection/src/main/java/org/opensearch/ad/transport/ADBatchTaskRemoteExecutionTransportAction.java,org.opensearch.ad.transport.ADBatchTaskRemoteExecutionTransportAction,class,8,9,1,8,2,2,0,2,0,0.0,0.0,0.0,2,0,1,0,1,0,2,0,0,0,2,0,0,2,0,0,2,0,0,12,0,0,0,0,0,0,0,2,0,2,0,0,0,0,19,1,0
/Users/bilgem/software_design_project/anomaly-detection/src/main/java/org/opensearch/ad/transport/ProfileTransportAction.java,org.opensearch.ad.transport.ProfileTransportAction,class,22,24,2,22,15,2,0,21,8,0.64000005,0.0,0.0,5,0,1,0,4,0,5,0,0,0,5,1,0,5,0,0,1,0,1,63,4,0,1,0,0,1,5,23,0,15,3,0,0,1,73,1,1
/Users/bilgem/software_design_project/anomaly-detection/src/main/java/org/opensearch/ad/transport/IndexAnomalyDetectorTransportAction.java,org.opensearch.ad.transport.IndexAnomalyDetectorTransportAction,class,28,30,2,28,15,2,0,41,0,0.45000005,0.0,0.0,5,0,1,2,2,0,3,0,0,0,8,1,0,8,0,0,7,0,4,95,1,0,4,4,0,1,2,30,0,33,3,0,0,5,104,1,4
/Users/bilgem/software_design_project/anomaly-detection/src/main/java/org/opensearch/ad/transport/DeleteModelTransportAction.java,org.opensearch.ad.transport.DeleteModelTransportAction,class,20,22,2,20,5,2,0,13,8,0.6333334,0.0,0.0,5,0,1,0,4,0,5,0,0,0,6,1,0,6,0,0,1,0,0,36,4,0,0,0,0,4,0,7,1,9,0,0,0,2,60,1,3
/Users/bilgem/software_design_project/anomaly-detection/src/main/java/org/opensearch/ad/transport/DeleteAnomalyResultsAction.java,org.opensearch.ad.transport.DeleteAnomalyResultsAction,class,2,3,1,2,1,2,0,0,0,0.5,-1.0,-1.0,1,0,0,1,0,0,0,0,0,0,2,2,2,0,0,0,2,0,0,7,0,0,0,0,0,1,0,2,1,2,0,0,0,0,12,1,0
/Users/bilgem/software_design_project/anomaly-detection/src/main/java/org/opensearch/ad/feature/CompositeRetriever.java,org.opensearch.ad.feature.CompositeRetriever$PageIterator$Anonymous1,anonymous,2,2,0,2,2,1,0,3,1,0.0,0.0,0.0,2,0,2,0,0,0,2,0,0,0,0,0,0,0,0,0,0,0,0,8,0,0,0,0,0,0,0,0,0,0,0,0,0,1,8,-1,0
/Users/bilgem/software_design_project/anomaly-detection/src/main/java/org/opensearch/ad/util/Bwc.java,org.opensearch.ad.util.Bwc,class,1,7,6,1,1,1,0,1,0,1.0,NaN,NaN,1,1,1,0,0,0,1,0,0,0,1,1,1,0,0,0,0,0,0,6,1,0,0,0,0,0,0,1,0,1,0,0,0,0,36,1,0
/Users/bilgem/software_design_project/anomaly-detection/src/main/java/org/opensearch/ad/rest/RestAnomalyDetectorJobAction.java,org.opensearch.ad.rest.RestAnomalyDetectorJobAction,class,15,17,2,15,8,2,0,17,15,0.8333333,0.0,0.0,6,0,4,1,1,0,5,0,0,0,2,1,1,1,0,0,1,0,6,39,6,0,0,0,0,6,0,12,0,13,1,0,0,2,81,1,0
/Users/bilgem/software_design_project/anomaly-detection/src/main/java/org/opensearch/ad/transport/ADStatsNodeResponse.java,org.opensearch.ad.transport.ADStatsNodeResponse,class,8,11,3,8,7,2,0,6,0,0.16666667,0.0,0.0,6,1,6,0,0,0,6,0,0,0,1,0,0,1,0,0,0,0,0,27,3,1,0,0,0,0,0,2,0,1,1,0,0,0,58,1,0
/Users/bilgem/software_design_project/anomaly-detection/src/main/java/org/opensearch/ad/transport/IndexAnomalyDetectorRequest.java,org.opensearch.ad.transport.IndexAnomalyDetectorRequest,class,10,12,2,10,14,2,0,12,25,0.7142858,0.0,0.0,14,0,14,0,0,0,14,0,0,0,10,0,0,10,0,0,0,0,0,84,11,0,0,0,0,0,0,20,0,10,0,0,0,0,44,1,0
/Users/bilgem/software_design_project/anomaly-detection/src/main/java/org/opensearch/ad/transport/ADTaskProfileRequest.java,org.opensearch.ad.transport.ADTaskProfileRequest,class,5,7,2,5,6,2,0,5,0,0.0,0.0,0.0,5,0,5,0,0,0,5,0,0,0,1,0,0,1,0,0,0,0,0,25,2,0,0,0,0,0,0,4,0,2,1,0,0,0,27,1,0
/Users/bilgem/software_design_project/anomaly-detection/src/main/java/org/opensearch/ad/stats/suppliers/SettableSupplier.java,org.opensearch.ad.stats.suppliers.SettableSupplier,class,0,2,2,0,3,1,0,2,0,0.0,0.0,0.0,3,0,3,0,0,0,3,0,0,0,1,0,0,0,1,0,0,0,0,12,1,0,0,0,0,0,1,1,0,1,0,0,0,0,21,1,0
/Users/bilgem/software_design_project/anomaly-detection/src/main/java/org/opensearch/ad/transport/PreviewAnomalyDetectorRequest.java,org.opensearch.ad.transport.PreviewAnomalyDetectorRequest,class,5,6,1,5,8,2,0,6,0,0.5,0.0,0.0,8,0,8,0,0,0,8,0,0,0,4,0,0,4,0,0,0,0,0,42,5,0,0,0,0,0,0,8,0,4,0,0,0,0,27,1,0
/Users/bilgem/software_design_project/anomaly-detection/src/main/java/org/opensearch/ad/util/ThrowingConsumer.java,org.opensearch.ad.util.ThrowingConsumer,interface,1,2,1,1,1,1,0,0,0,0.0,NaN,NaN,1,0,0,0,0,1,1,0,0,0,0,0,0,0,0,0,0,0,0,3,0,0,0,0,0,0,0,0,0,0,0,0,0,0,14,1,0
/Users/bilgem/software_design_project/anomaly-detection/src/main/java/org/opensearch/ad/rest/RestPreviewAnomalyDetectorAction.java,org.opensearch.ad.rest.RestPreviewAnomalyDetectorAction,class,15,17,2,15,15,2,0,26,21,0.92857146,0.0,0.0,7,0,4,2,1,0,5,0,0,0,2,2,1,1,0,0,2,0,5,54,10,0,3,0,0,7,0,10,0,10,2,0,0,1,78,1,0
/Users/bilgem/software_design_project/anomaly-detection/src/main/java/org/opensearch/ad/transport/ADCancelTaskNodeResponse.java,org.opensearch.ad.transport.ADCancelTaskNodeResponse,class,6,9,3,6,5,2,0,3,0,0.2,0.0,0.0,5,1,5,0,0,0,5,0,0,0,1,0,0,1,0,0,0,0,0,21,2,0,0,0,0,0,0,2,0,1,0,0,0,0,24,1,0
/Users/bilgem/software_design_project/anomaly-detection/src/main/java/org/opensearch/ad/util/ThrowingConsumerWrapper.java,org.opensearch.ad.util.ThrowingConsumerWrapper,class,2,4,2,2,2,1,0,1,0,0.0,NaN,NaN,1,1,1,0,0,0,1,0,0,0,0,0,0,0,0,0,0,0,0,13,1,0,0,1,0,0,0,0,0,1,2,0,0,1,46,1,0
/Users/bilgem/software_design_project/anomaly-detection/src/main/java/org/opensearch/ad/ratelimit/ColdEntityWorker.java,org.opensearch.ad.ratelimit.ColdEntityWorker,class,12,15,3,12,14,2,0,19,0,0.59999996,0.0,0.0,5,0,1,3,1,0,2,0,0,1,6,2,1,5,0,0,3,0,1,68,2,0,4,2,0,3,4,18,3,15,3,0,0,3,163,1,2
/Users/bilgem/software_design_project/anomaly-detection/src/main/java/org/opensearch/ad/transport/AnomalyResultAction.java,org.opensearch.ad.transport.AnomalyResultAction,class,2,3,1,2,1,2,0,0,0,0.5,-1.0,-1.0,1,0,0,1,0,0,0,0,0,0,2,2,2,0,0,0,2,0,0,7,0,0,0,0,0,1,0,2,1,2,0,0,0,0,11,1,0
/Users/bilgem/software_design_project/anomaly-detection/src/main/java/org/opensearch/ad/transport/ADCancelTaskTransportAction.java,org.opensearch.ad.transport.ADCancelTaskTransportAction,class,16,18,2,16,5,2,0,11,8,0.70000005,0.0,0.0,5,0,1,0,4,0,5,0,0,0,2,0,0,2,0,0,1,0,1,26,4,0,0,0,0,1,0,7,0,7,0,0,0,0,48,1,1
/Users/bilgem/software_design_project/anomaly-detection/src/main/java/org/opensearch/ad/transport/RCFResultAction.java,org.opensearch.ad.transport.RCFResultAction,class,2,3,1,2,1,2,0,0,0,0.5,-1.0,-1.0,1,0,0,1,0,0,0,0,0,0,2,2,2,0,0,0,2,0,0,7,0,0,0,0,0,1,0,2,1,2,0,0,0,0,12,1,0
/Users/bilgem/software_design_project/anomaly-detection/src/main/java/org/opensearch/ad/util/ExceptionUtil.java,org.opensearch.ad.util.ExceptionUtil,class,14,22,8,14,27,1,0,24,45,0.9,0.0,0.0,10,10,10,0,0,0,10,0,0,0,1,1,0,1,0,0,1,0,2,81,20,1,5,0,5,0,1,6,0,8,2,0,0,2,163,1,0
/Users/bilgem/software_design_project/anomaly-detection/src/main/java/org/opensearch/ad/caching/PriorityTracker.java,org.opensearch.ad.caching.PriorityTracker,class,4,8,4,4,24,1,0,33,0,0.7750001,0.0,0.0,15,0,8,1,3,3,14,0,0,0,8,1,0,8,0,0,7,0,10,142,13,1,1,0,1,0,5,21,6,23,2,0,2,5,218,1,0
/Users/bilgem/software_design_project/anomaly-detection/src/main/java/org/opensearch/ad/model/DetectorState.java,org.opensearch.ad.model.DetectorState,enum,0,2,2,0,0,1,0,0,0,0.0,-1.0,-1.0,0,0,0,0,0,0,0,0,0,0,0,0,0,0,0,0,0,0,0,1,0,0,0,0,0,0,0,0,0,0,0,0,0,0,8,1,0
/Users/bilgem/software_design_project/anomaly-detection/src/main/java/org/opensearch/ad/NodeStateManager.java,org.opensearch.ad.NodeStateManager,class,23,43,20,23,43,1,0,70,0,0.7828283,0.0,0.0,18,0,16,2,0,0,16,0,0,0,11,2,1,10,0,0,4,0,6,187,18,2,14,1,0,4,1,41,0,54,3,0,0,16,250,1,3
/Users/bilgem/software_design_project/anomaly-detection/src/main/java/org/opensearch/ad/stats/suppliers/IndexStatusSupplier.java,org.opensearch.ad.stats.suppliers.IndexStatusSupplier,class,1,2,1,1,3,1,0,1,0,0.16666667,0.0,0.0,2,0,2,0,0,0,2,0,0,0,3,1,1,2,0,0,1,0,0,17,2,0,0,1,0,1,0,3,0,3,1,0,0,0,45,1,0
/Users/bilgem/software_design_project/anomaly-detection/src/main/java/org/opensearch/ad/rest/handler/IndexAnomalyDetectorJobActionHandler.java,org.opensearch.ad.rest.handler.IndexAnomalyDetectorJobActionHandler$Anonymous1,anonymous,3,3,0,3,3,1,0,4,1,0.0,0.0,0.0,2,0,2,0,0,0,2,0,0,0,0,0,0,0,0,0,0,0,0,16,0,0,0,0,0,5,0,0,1,0,1,0,0,0,20,-1,3
/Users/bilgem/software_design_project/anomaly-detection/src/main/java/org/opensearch/ad/model/DetectorInternalState.java,org.opensearch.ad.model.DetectorInternalState,class,11,13,2,11,19,1,0,21,0,0.73333335,0.0,0.0,10,1,9,1,0,0,9,0,0,0,6,4,4,2,0,0,4,0,1,92,9,1,6,1,0,3,0,18,0,13,2,0,1,1,68,1,0
/Users/bilgem/software_design_project/anomaly-detection/src/main/java/org/opensearch/ad/model/ADEntityTaskProfile.java,org.opensearch.ad.model.ADEntityTaskProfile,class,9,12,3,9,44,1,0,24,39,0.80676335,0.0,0.0,23,1,23,0,0,0,23,0,0,0,18,9,9,9,0,0,9,0,1,198,11,1,11,0,0,9,0,57,0,29,2,0,0,0,80,1,0
/Users/bilgem/software_design_project/anomaly-detection/src/main/java/org/opensearch/ad/transport/CronNodeResponse.java,org.opensearch.ad.transport.CronNodeResponse,class,7,10,3,7,4,2,0,5,6,0.75,0.0,0.0,4,1,4,0,0,0,4,0,0,0,1,1,0,0,0,1,0,0,0,18,2,0,0,0,0,1,0,1,0,1,0,0,0,0,26,1,0
/Users/bilgem/software_design_project/anomaly-detection/src/main/java/org/opensearch/ad/ml/SingleStreamModelIdMapper.java,org.opensearch.ad.ml.SingleStreamModelIdMapper,class,1,8,7,1,5,1,0,7,6,0.75,0.0,0.0,4,4,4,0,0,0,4,0,0,0,3,3,0,0,3,0,3,0,5,24,4,0,0,0,0,4,1,5,1,5,1,0,0,0,73,1,0
/Users/bilgem/software_design_project/anomaly-detection/src/main/java/org/opensearch/ad/transport/SearchAnomalyDetectorInfoRequest.java,org.opensearch.ad.transport.SearchAnomalyDetectorInfoRequest,class,4,6,2,4,6,2,0,5,0,0.33333334,0.0,0.0,6,0,6,0,0,0,6,0,0,0,2,0,0,2,0,0,0,0,0,28,3,0,0,0,0,0,0,4,0,2,0,0,0,0,25,1,0
/Users/bilgem/software_design_project/anomaly-detection/src/main/java/org/opensearch/ad/ExpiringState.java,org.opensearch.ad.ExpiringState,interface,0,7,7,0,2,1,0,2,1,0.0,0.0,0.0,2,0,0,0,0,2,2,0,0,0,0,0,0,0,0,0,0,0,0,6,1,0,0,0,0,0,0,0,0,0,0,0,0,0,17,1,0
/Users/bilgem/software_design_project/anomaly-detection/src/main/java/org/opensearch/ad/breaker/ADCircuitBreakerService.java,org.opensearch.ad.breaker.ADCircuitBreakerService,class,7,24,17,7,11,1,0,11,0,0.6190476,0.0,0.0,7,0,7,0,0,0,7,0,0,0,3,1,0,3,0,0,3,0,1,39,6,1,1,0,0,1,0,3,0,3,2,0,0,0,45,1,1
/Users/bilgem/software_design_project/anomaly-detection/src/main/java/org/opensearch/ad/transport/ADCancelTaskResponse.java,org.opensearch.ad.transport.ADCancelTaskResponse,class,6,7,1,6,4,2,0,2,6,0.0,0.0,0.0,4,0,4,0,0,0,4,0,0,0,0,0,0,0,0,0,0,0,0,14,1,0,0,0,0,0,0,0,0,0,0,0,0,0,21,1,0
/Users/bilgem/software_design_project/anomaly-detection/src/main/java/org/opensearch/ad/transport/handler/AnomalyIndexHandler.java,org.opensearch.ad.transport.handler.AnomalyIndexHandler,class,18,23,5,18,15,1,0,31,0,0.66666675,0.0,0.0,6,0,3,1,1,1,5,0,0,0,15,5,0,1,10,4,14,0,5,95,1,0,0,2,1,9,0,20,0,23,4,0,0,5,138,1,5
/Users/bilgem/software_design_project/anomaly-detection/src/main/java/org/opensearch/ad/settings/EnabledSetting.java,org.opensearch.ad.settings.EnabledSetting,class,3,18,15,3,5,2,0,3,4,0.7916667,0.0,0.0,4,3,3,1,0,0,3,0,0,1,6,6,4,2,0,0,5,0,3,33,3,0,1,0,0,4,0,6,0,6,1,1,0,0,54,1,0
/Users/bilgem/software_design_project/anomaly-detection/src/main/java/org/opensearch/ad/settings/AnomalyDetectorSettings.java,org.opensearch.ad.settings.AnomalyDetectorSettings,class,2,2,0,2,1,1,0,10,0,0.0,-1.0,-1.0,1,0,0,1,0,0,0,0,0,0,112,112,112,0,0,0,103,0,3,116,0,0,0,0,0,52,143,112,0,112,0,0,0,0,137,17,0
/Users/bilgem/software_design_project/anomaly-detection/src/main/java/org/opensearch/ad/transport/CronTransportAction.java,org.opensearch.ad.transport.CronTransportAction,class,21,23,2,21,5,2,0,17,8,0.62857145,0.0,0.0,5,0,1,0,4,0,5,0,0,0,7,0,0,7,0,0,1,0,0,40,4,0,0,0,0,3,1,7,0,9,0,0,0,2,70,1,2
/Users/bilgem/software_design_project/anomaly-detection/src/main/java/org/opensearch/ad/model/ADTaskProfile.java,org.opensearch.ad.model.ADTaskProfile,class,13,19,6,13,98,1,0,41,345,0.8663685,0.0,0.0,46,1,46,0,0,0,46,0,0,0,34,17,17,17,0,0,17,0,21,398,24,3,27,0,0,35,4,113,2,54,3,0,0,0,114,1,0
/Users/bilgem/software_design_project/anomaly-detection/src/main/java/org/opensearch/ad/cluster/DailyCron.java,org.opensearch.ad.cluster.DailyCron,class,5,6,1,5,3,1,0,15,0,0.375,0.0,0.0,2,0,2,0,0,0,2,0,0,0,8,5,0,4,1,3,8,0,0,30,0,0,0,0,0,5,0,9,2,11,2,0,0,2,48,1,3
/Users/bilgem/software_design_project/anomaly-detection/src/main/java/org/opensearch/ad/transport/handler/ADSearchHandler.java,org.opensearch.ad.transport.handler.ADSearchHandler,class,10,15,5,10,7,1,0,17,0,0.22222222,0.0,0.0,3,0,2,1,0,0,2,0,0,0,3,0,0,3,0,0,2,0,3,36,0,0,1,2,0,1,0,7,1,7,2,0,0,1,51,1,2
/Users/bilgem/software_design_project/anomaly-detection/src/main/java/org/opensearch/ad/transport/RCFResultTransportAction.java,org.opensearch.ad.transport.RCFResultTransportAction,class,16,18,2,16,5,2,0,24,0,0.125,0.0,0.0,2,0,1,0,1,0,2,0,0,0,4,1,0,4,0,0,1,0,0,37,2,0,0,1,0,2,0,7,0,9,2,0,0,2,46,1,3
/Users/bilgem/software_design_project/anomaly-detection/src/main/java/org/opensearch/ad/transport/IndexAnomalyDetectorResponse.java,org.opensearch.ad.transport.IndexAnomalyDetectorResponse,class,8,12,4,8,5,2,0,10,0,0.2,0.0,0.0,5,0,5,0,0,0,5,0,0,0,6,0,0,6,0,0,6,0,0,39,2,0,0,0,0,0,0,12,0,6,0,0,0,0,34,1,0
/Users/bilgem/software_design_project/anomaly-detection/src/main/java/org/opensearch/ad/feature/SearchFeatureDao.java,org.opensearch.ad.feature.SearchFeatureDao$TopEntitiesListener,innerclass,13,13,0,13,13,1,0,34,0,0.2857143,0.0,0.0,3,0,2,0,0,1,3,0,0,0,7,0,0,7,0,0,0,0,3,69,2,1,4,1,1,5,4,15,1,18,4,0,0,4,73,0,3
/Users/bilgem/software_design_project/anomaly-detection/src/main/java/org/opensearch/ad/model/AnomalyDetector.java,org.opensearch.ad.model.AnomalyDetector,class,22,70,48,22,99,1,0,93,535,0.9083335,0.0,0.0,42,6,40,2,0,0,40,0,0,0,40,22,12,28,0,0,37,0,18,381,39,3,26,1,4,29,7,95,3,61,4,0,0,1,231,1,0
/Users/bilgem/software_design_project/anomaly-detection/src/main/java/org/opensearch/ad/transport/GetAnomalyDetectorAction.java,org.opensearch.ad.transport.GetAnomalyDetectorAction,class,2,3,1,2,1,2,0,0,0,0.5,-1.0,-1.0,1,0,0,1,0,0,0,0,0,0,2,2,2,0,0,0,2,0,0,7,0,0,0,0,0,1,0,2,1,2,0,0,0,0,12,1,0
/Users/bilgem/software_design_project/anomaly-detection/src/main/java/org/opensearch/ad/CleanState.java,org.opensearch.ad.CleanState,interface,0,4,4,0,1,1,0,0,0,0.0,NaN,NaN,1,0,0,0,0,1,1,0,0,0,0,0,0,0,0,0,0,0,0,3,0,0,0,0,0,0,0,0,0,0,0,0,0,0,22,1,0
/Users/bilgem/software_design_project/anomaly-detection/src/main/java/org/opensearch/ad/task/ADHCBatchTaskRunState.java,org.opensearch.ad.task.ADHCBatchTaskRunState,class,0,1,1,0,18,1,0,3,46,0.82142866,0.0,0.0,12,0,12,0,0,0,12,0,0,0,7,1,1,6,0,0,1,0,1,52,7,0,2,0,0,0,1,9,2,8,1,0,0,0,56,1,0
/Users/bilgem/software_design_project/anomaly-detection/src/main/java/org/opensearch/ad/caching/PriorityTracker.java,org.opensearch.ad.caching.PriorityTracker$PriorityNodeComparator,innerclass,1,1,0,1,3,1,0,2,0,0.0,NaN,NaN,1,0,1,0,0,0,1,0,0,0,0,0,0,0,0,0,0,0,1,13,2,0,2,0,0,0,3,3,0,2,1,0,0,0,7,8,0
/Users/bilgem/software_design_project/anomaly-detection/src/main/java/org/opensearch/ad/settings/NumericSetting.java,org.opensearch.ad.settings.NumericSetting$Anonymous1,anonymous,0,0,0,0,1,1,0,2,0,0.0,NaN,NaN,0,0,0,0,0,0,1,0,0,0,0,0,0,0,0,0,0,0,0,5,0,0,0,0,0,0,3,0,0,0,0,0,0,0,1,-1,0
/Users/bilgem/software_design_project/anomaly-detection/src/main/java/org/opensearch/ad/transport/DeleteAnomalyDetectorTransportAction.java,org.opensearch.ad.transport.DeleteAnomalyDetectorTransportAction,class,25,27,2,25,20,2,0,42,0,0.51020414,0.0,0.0,7,0,1,5,1,0,2,0,0,0,7,1,0,7,0,0,5,0,5,139,2,0,3,2,0,13,0,21,5,30,5,1,0,13,98,1,12
/Users/bilgem/software_design_project/anomaly-detection/src/main/java/org/opensearch/ad/transport/ProfileResponse.java,org.opensearch.ad.transport.ProfileResponse,class,14,17,3,14,35,2,0,36,10,0.7846154,0.0,0.0,13,0,13,0,0,0,13,0,0,0,15,8,0,8,0,7,8,0,4,147,9,8,4,0,0,1,12,36,0,21,3,0,0,0,91,1,0
/Users/bilgem/software_design_project/anomaly-detection/src/main/java/org/opensearch/ad/ratelimit/EntityFeatureRequest.java,org.opensearch.ad.ratelimit.EntityFeatureRequest,class,4,6,2,4,3,3,0,0,0,0.33333334,0.0,0.0,3,0,3,0,0,0,3,0,0,0,2,0,0,2,0,0,2,0,0,15,2,0,0,0,0,0,0,2,0,2,0,0,0,0,13,1,0
/Users/bilgem/software_design_project/anomaly-detection/src/main/java/org/opensearch/ad/feature/SinglePointFeatures.java,org.opensearch.ad.feature.SinglePointFeatures,class,1,4,3,1,3,1,0,0,0,0.33333334,0.0,0.0,3,0,3,0,0,0,3,0,0,0,2,0,0,2,0,0,2,0,0,14,2,0,0,0,0,0,0,2,0,2,0,0,0,0,23,1,0
/Users/bilgem/software_design_project/anomaly-detection/src/main/java/org/opensearch/ad/util/Throttler.java,org.opensearch.ad.util.Throttler,class,1,3,2,1,5,1,0,5,0,0.25,0.0,0.0,4,0,4,0,0,0,4,0,0,1,2,0,0,2,0,0,2,0,1,17,2,0,1,0,0,0,0,2,0,2,0,0,0,0,59,1,0
/Users/bilgem/software_design_project/anomaly-detection/src/main/java/org/opensearch/ad/common/exception/InternalFailure.java,org.opensearch.ad.common.exception.InternalFailure,class,2,9,7,2,4,6,0,1,6,0.0,0.0,0.0,4,0,4,0,0,0,4,0,0,0,0,0,0,0,0,0,0,0,0,14,0,0,0,0,0,0,0,0,0,0,0,0,0,0,15,1,0
/Users/bilgem/software_design_project/anomaly-detection/src/main/java/org/opensearch/ad/constant/CommonName.java,org.opensearch.ad.constant.CommonName,class,1,1,0,1,0,1,0,1,0,NaN,-1.0,-1.0,0,0,0,0,0,0,0,0,0,0,53,53,53,0,0,0,51,0,0,55,0,0,0,0,0,52,0,53,0,53,0,0,0,0,31,1,0
/Users/bilgem/software_design_project/anomaly-detection/src/main/java/org/opensearch/ad/indices/AnomalyDetectionIndices.java,org.opensearch.ad.indices.AnomalyDetectionIndices$IndexState,innerclass,2,2,0,2,1,1,0,2,0,0.0,NaN,NaN,1,0,0,0,0,1,1,0,0,0,3,0,0,3,0,0,0,0,1,10,0,0,0,0,0,0,0,3,0,3,0,0,0,0,17,0,0
/Users/bilgem/software_design_project/anomaly-detection/src/main/java/org/opensearch/ad/transport/ADStatsNodesAction.java,org.opensearch.ad.transport.ADStatsNodesAction,class,2,3,1,2,1,2,0,0,0,0.5,-1.0,-1.0,1,0,0,1,0,0,0,0,0,0,2,2,2,0,0,0,2,0,0,7,0,0,0,0,0,1,0,2,1,2,0,0,0,0,13,1,0
/Users/bilgem/software_design_project/anomaly-detection/src/main/java/org/opensearch/ad/transport/ADCancelTaskNodeRequest.java,org.opensearch.ad.transport.ADCancelTaskNodeRequest,class,4,5,1,4,8,2,0,8,0,0.42857143,0.0,0.0,7,0,7,0,0,0,7,0,0,0,4,0,0,4,0,0,0,0,0,40,4,0,0,0,0,0,1,8,0,4,1,0,0,0,27,1,0
/Users/bilgem/software_design_project/anomaly-detection/src/main/java/org/opensearch/ad/cluster/MasterEventListener.java,org.opensearch.ad.cluster.MasterEventListener$Anonymous1,anonymous,1,1,0,1,1,1,0,1,0,0.0,NaN,NaN,1,0,1,0,0,0,1,0,0,0,0,0,0,0,0,0,0,0,0,6,0,0,0,0,0,0,0,1,0,0,0,0,0,0,6,-1,0
/Users/bilgem/software_design_project/anomaly-detection/src/main/java/org/opensearch/ad/cluster/MasterEventListener.java,org.opensearch.ad.cluster.MasterEventListener$Anonymous2,anonymous,1,1,0,1,1,1,0,1,0,0.0,NaN,NaN,1,0,1,0,0,0,1,0,0,0,0,0,0,0,0,0,0,0,0,6,0,0,0,0,0,0,0,1,0,0,0,0,0,0,8,-1,0
/Users/bilgem/software_design_project/anomaly-detection/src/main/java/org/opensearch/ad/ratelimit/CheckpointReadWorker.java,org.opensearch.ad.ratelimit.CheckpointReadWorker,class,40,44,4,40,45,4,0,60,3,0.66666675,0.0,0.0,6,0,1,2,3,0,4,0,0,0,9,2,1,8,0,0,9,0,0,186,9,5,15,1,1,7,7,41,5,39,5,0,0,4,179,1,6
/Users/bilgem/software_design_project/anomaly-detection/src/main/java/org/opensearch/ad/MemoryTracker.java,org.opensearch.ad.MemoryTracker,class,9,16,7,9,33,1,0,23,38,0.775,0.0,0.0,16,0,14,2,0,0,14,0,0,7,10,1,0,10,0,0,3,0,2,125,12,0,6,0,9,4,33,34,31,23,1,0,1,1,280,1,1
/Users/bilgem/software_design_project/anomaly-detection/src/main/java/org/opensearch/ad/stats/StatNames.java,org.opensearch.ad.stats.StatNames,enum,1,7,6,1,4,1,0,3,1,0.33333334,0.0,0.0,3,1,2,0,0,1,3,0,0,0,1,0,0,1,0,0,0,0,1,15,2,1,0,0,0,18,0,2,0,2,1,0,0,0,45,1,0
/Users/bilgem/software_design_project/anomaly-detection/src/main/java/org/opensearch/ad/transport/EntityProfileAction.java,org.opensearch.ad.transport.EntityProfileAction,class,2,3,1,2,1,2,0,0,0,0.5,-1.0,-1.0,1,0,0,1,0,0,0,0,0,0,2,2,2,0,0,0,2,0,0,7,0,0,0,0,0,1,0,2,1,2,0,0,0,0,12,1,0
/Users/bilgem/software_design_project/anomaly-detection/src/main/java/org/opensearch/ad/transport/CronResponse.java,org.opensearch.ad.transport.CronResponse,class,9,10,1,9,6,2,0,6,10,0.8,0.0,0.0,5,0,4,0,1,0,5,0,0,0,1,1,0,0,0,1,0,0,0,23,2,1,0,0,0,1,0,1,0,1,1,0,0,0,38,1,0
/Users/bilgem/software_design_project/anomaly-detection/src/main/java/org/opensearch/ad/task/ADTaskCacheManager.java,org.opensearch.ad.task.ADTaskCacheManager,class,20,26,6,20,185,1,0,188,2871,0.9229629,0.0,0.0,90,0,84,5,1,0,85,0,0,11,15,1,1,14,0,0,6,0,21,638,80,5,48,1,1,25,21,102,11,106,4,0,0,12,397,1,19
/Users/bilgem/software_design_project/anomaly-detection/src/main/java/org/opensearch/ad/rest/AbstractSearchAction.java,org.opensearch.ad.rest.AbstractSearchAction,class,19,23,4,19,8,2,0,15,4,0.70000005,0.0,0.0,5,0,3,1,1,0,4,0,0,0,6,0,0,6,0,0,6,0,2,62,4,2,0,0,0,0,0,10,0,11,1,1,0,1,48,1025,0
/Users/bilgem/software_design_project/anomaly-detection/src/main/java/org/opensearch/ad/common/exception/ResourceNotFoundException.java,org.opensearch.ad.common.exception.ResourceNotFoundException,class,1,7,6,1,2,5,0,1,1,0.0,0.0,0.0,2,0,2,0,0,0,2,0,0,0,0,0,0,0,0,0,0,0,0,10,0,0,0,0,0,0,0,0,0,0,0,0,0,0,35,1,0
/Users/bilgem/software_design_project/anomaly-detection/src/main/java/org/opensearch/ad/transport/ADBatchAnomalyResultAction.java,org.opensearch.ad.transport.ADBatchAnomalyResultAction,class,2,3,1,2,1,2,0,0,0,0.5,-1.0,-1.0,1,0,0,1,0,0,0,0,0,0,2,2,2,0,0,0,2,0,0,7,0,0,0,0,0,1,0,2,1,2,0,0,0,0,15,1,0
/Users/bilgem/software_design_project/anomaly-detection/src/main/java/org/opensearch/ad/AnomalyDetectorPlugin.java,org.opensearch.ad.AnomalyDetectorPlugin$Anonymous1$Anonymous2,anonymous,3,3,0,3,2,1,0,1,1,0.0,0.0,0.0,2,0,2,0,0,0,2,0,0,0,0,0,0,0,0,0,0,0,0,8,2,0,0,0,0,0,0,0,0,0,0,0,0,0,6,-1,0
/Users/bilgem/software_design_project/anomaly-detection/src/main/java/org/opensearch/ad/transport/ADStatsRequest.java,org.opensearch.ad.transport.ADStatsRequest,class,4,8,4,4,9,2,0,6,0,0.5,0.0,0.0,9,0,9,0,0,0,9,0,0,0,2,1,1,1,0,0,1,0,0,35,1,0,0,0,0,1,0,5,0,2,0,0,0,0,65,1,0
/Users/bilgem/software_design_project/anomaly-detection/src/main/java/org/opensearch/ad/transport/StopDetectorResponse.java,org.opensearch.ad.transport.StopDetectorResponse,class,9,12,3,9,8,2,0,7,0,0.5,0.0,0.0,6,1,6,0,0,0,6,0,0,0,2,1,1,1,0,0,1,0,0,37,4,0,0,2,0,2,0,6,0,5,2,0,0,0,44,1,0
/Users/bilgem/software_design_project/anomaly-detection/src/main/java/org/opensearch/ad/transport/SearchAnomalyDetectorTransportAction.java,org.opensearch.ad.transport.SearchAnomalyDetectorTransportAction,class,8,9,1,8,2,2,0,1,0,0.0,0.0,0.0,2,0,1,0,1,0,2,0,0,0,1,0,0,1,0,0,0,0,0,10,0,0,0,0,0,0,0,1,0,1,0,0,0,0,16,1,0
/Users/bilgem/software_design_project/anomaly-detection/src/main/java/org/opensearch/ad/rest/handler/IndexAnomalyDetectorActionHandler.java,org.opensearch.ad.rest.handler.IndexAnomalyDetectorActionHandler,class,37,39,2,37,55,1,0,109,0,0.80000013,0.0,0.0,19,0,2,17,0,0,2,0,0,0,25,5,5,20,0,0,25,0,11,294,10,5,10,2,0,18,12,62,6,77,9,1,0,17,226,1,11
/Users/bilgem/software_design_project/anomaly-detection/src/main/java/org/opensearch/ad/common/exception/AnomalyDetectionException.java,org.opensearch.ad.common.exception.AnomalyDetectionException,class,1,27,26,1,9,4,5,4,14,0.6111111,0.0,0.0,9,0,9,0,0,0,9,0,0,0,2,0,0,2,0,0,0,0,0,40,4,0,0,0,0,1,0,6,0,3,0,0,0,0,47,1,0
/Users/bilgem/software_design_project/anomaly-detection/src/main/java/org/opensearch/ad/ratelimit/ResultWriteWorker.java,org.opensearch.ad.ratelimit.ResultWriteWorker,class,22,26,4,22,20,4,0,39,11,0.71428573,0.0,0.0,7,0,1,3,3,0,4,0,0,0,4,2,1,3,0,0,3,0,4,97,11,2,5,2,1,7,6,14,5,18,2,0,0,4,97,1,6
/Users/bilgem/software_design_project/anomaly-detection/src/main/java/org/opensearch/ad/breaker/BreakerName.java,org.opensearch.ad.breaker.BreakerName,enum,0,1,1,0,2,1,0,0,0,0.0,0.0,0.0,2,0,1,0,0,1,2,0,0,0,1,0,0,1,0,0,0,0,0,8,1,0,0,0,0,2,0,1,0,1,0,0,0,0,10,1,0
/Users/bilgem/software_design_project/anomaly-detection/src/main/java/org/opensearch/ad/dataprocessor/SingleFeatureLinearUniformInterpolator.java,org.opensearch.ad.dataprocessor.SingleFeatureLinearUniformInterpolator,class,1,4,3,1,4,1,1,2,0,0.0,NaN,NaN,1,0,1,0,0,0,1,0,0,0,0,0,0,0,0,0,0,0,2,26,1,1,2,0,5,0,12,13,12,9,2,0,0,0,19,1,0
/Users/bilgem/software_design_project/anomaly-detection/src/main/java/org/opensearch/ad/transport/GetAnomalyDetectorTransportAction.java,org.opensearch.ad.transport.GetAnomalyDetectorTransportAction,class,37,40,3,37,32,2,0,63,25,0.77142864,0.0,0.0,10,0,1,7,2,0,3,0,0,0,14,1,0,14,0,0,13,0,18,227,10,1,2,2,0,4,6,48,1,49,7,2,0,7,125,1,4
/Users/bilgem/software_design_project/anomaly-detection/src/main/java/org/opensearch/ad/ml/ModelState.java,org.opensearch.ad.ml.ModelState,class,4,16,12,4,15,1,0,2,55,0.8555556,0.0,0.0,15,1,15,0,0,0,15,0,0,0,12,4,4,8,0,0,0,0,0,83,10,0,0,0,0,4,1,16,0,12,0,1,0,0,82,1,0
/Users/bilgem/software_design_project/anomaly-detection/src/main/java/org/opensearch/ad/transport/AnomalyDetectorJobRequest.java,org.opensearch.ad.transport.AnomalyDetectorJobRequest,class,5,7,2,5,13,2,0,8,0,0.57575756,0.0,0.0,11,0,11,0,0,0,11,0,0,0,6,0,0,6,0,0,0,0,0,67,7,0,1,0,0,0,0,12,0,6,1,0,0,0,61,1,0
/Users/bilgem/software_design_project/anomaly-detection/src/main/java/org/opensearch/ad/model/EntityProfile.java,org.opensearch.ad.model.EntityProfile,class,14,18,4,14,47,1,0,22,0,0.5555556,0.0,0.0,15,0,15,0,0,0,15,0,0,0,9,3,3,6,0,0,3,0,1,197,16,0,23,0,0,3,6,25,0,13,1,0,1,0,89,1,0
/Users/bilgem/software_design_project/anomaly-detection/src/main/java/org/opensearch/ad/caching/PriorityCache.java,org.opensearch.ad.caching.PriorityCache$Anonymous1,anonymous,3,3,0,3,1,1,0,1,0,0.0,NaN,NaN,1,0,1,0,0,0,1,0,0,0,0,0,0,0,0,0,0,0,0,5,1,0,0,0,0,0,1,0,0,0,0,0,0,0,1,-1,0
/Users/bilgem/software_design_project/anomaly-detection/src/main/java/org/opensearch/ad/ratelimit/CheckpointWriteRequest.java,org.opensearch.ad.ratelimit.CheckpointWriteRequest,class,3,4,1,3,2,2,0,0,0,0.0,0.0,0.0,2,0,2,0,0,0,2,0,0,0,1,0,0,1,0,0,1,0,0,10,1,0,0,0,0,0,0,1,0,1,0,0,0,0,8,1,0
/Users/bilgem/software_design_project/anomaly-detection/src/main/java/org/opensearch/ad/transport/SearchAnomalyResultAction.java,org.opensearch.ad.transport.SearchAnomalyResultAction,class,2,3,1,2,1,2,0,0,0,0.5,-1.0,-1.0,1,0,0,1,0,0,0,0,0,0,2,2,2,0,0,0,2,0,0,7,0,0,0,0,0,1,0,2,1,2,0,0,0,0,12,1,0
/Users/bilgem/software_design_project/anomaly-detection/src/main/java/org/opensearch/ad/rest/RestIndexAnomalyDetectorAction.java,org.opensearch.ad.rest.RestIndexAnomalyDetectorAction$Anonymous1,anonymous,4,4,0,4,3,1,0,5,0,0.0,NaN,NaN,1,0,1,0,0,0,1,0,0,0,0,0,0,0,0,0,0,0,1,14,1,0,2,0,0,2,0,4,0,3,1,0,0,0,14,-1,0
/Users/bilgem/software_design_project/anomaly-detection/src/main/java/org/opensearch/ad/stats/InternalStatNames.java,org.opensearch.ad.stats.InternalStatNames,enum,0,1,1,0,2,1,0,0,0,0.0,0.0,0.0,2,0,1,0,0,1,2,0,0,0,1,0,0,1,0,0,0,0,0,8,1,0,0,0,0,3,0,1,0,1,0,0,0,0,43,1,0
/Users/bilgem/software_design_project/anomaly-detection/src/main/java/org/opensearch/ad/transport/ADBatchTaskRemoteExecutionAction.java,org.opensearch.ad.transport.ADBatchTaskRemoteExecutionAction,class,2,3,1,2,1,2,0,0,0,0.5,-1.0,-1.0,1,0,0,1,0,0,0,0,0,0,2,2,2,0,0,0,2,0,0,7,0,0,0,0,0,1,0,2,1,2,0,0,0,0,18,1,0
/Users/bilgem/software_design_project/anomaly-detection/src/main/java/org/opensearch/ad/transport/EntityResultRequest.java,org.opensearch.ad.transport.EntityResultRequest,class,12,14,2,12,20,2,0,34,0,0.46666664,0.0,0.0,9,0,9,0,0,0,9,0,0,0,5,1,0,5,0,0,1,0,4,91,6,3,2,0,0,2,3,16,0,11,3,0,0,1,51,1,1
/Users/bilgem/software_design_project/anomaly-detection/src/main/java/org/opensearch/ad/dataprocessor/IntegerSensitiveSingleFeatureLinearUniformInterpolator.java,org.opensearch.ad.dataprocessor.IntegerSensitiveSingleFeatureLinearUniformInterpolator,class,2,3,1,2,2,2,0,5,0,0.0,NaN,NaN,1,0,1,0,0,0,1,0,0,0,0,0,0,0,0,0,0,0,2,9,1,0,0,0,0,0,0,2,0,1,1,0,0,0,27,1,0
/Users/bilgem/software_design_project/anomaly-detection/src/main/java/org/opensearch/ad/transport/ADTaskProfileNodeResponse.java,org.opensearch.ad.transport.ADTaskProfileNodeResponse,class,9,12,3,9,9,2,0,7,0,0.6,0.0,0.0,5,1,5,0,0,0,5,0,0,0,3,1,0,3,0,0,1,0,1,35,2,0,2,0,1,0,0,5,0,3,1,0,0,0,30,1,0
/Users/bilgem/software_design_project/anomaly-detection/src/main/java/org/opensearch/ad/common/exception/ADVersionException.java,org.opensearch.ad.common.exception.ADVersionException,class,1,3,2,1,2,5,0,0,1,0.0,0.0,0.0,2,0,2,0,0,0,2,0,0,0,0,0,0,0,0,0,0,0,0,8,0,0,0,0,0,0,0,0,0,0,0,0,0,0,9,1,0
/Users/bilgem/software_design_project/anomaly-detection/src/main/java/org/opensearch/ad/EntityProfileRunner.java,org.opensearch.ad.EntityProfileRunner,class,28,30,2,28,51,2,0,81,25,0.79999995,0.0,0.0,10,0,2,8,0,0,2,0,0,0,6,3,0,3,0,3,4,0,0,232,6,3,13,3,1,11,11,43,6,51,6,0,0,8,191,1,5
/Users/bilgem/software_design_project/anomaly-detection/src/main/java/org/opensearch/ad/ml/ModelState.java,org.opensearch.ad.ml.ModelState$Anonymous1,anonymous,3,3,0,3,5,1,0,6,0,0.0,NaN,NaN,0,0,0,0,0,0,1,0,0,0,0,0,0,0,0,0,0,0,0,17,0,0,2,0,0,0,0,1,0,1,2,0,0,0,9,-1,0
/Users/bilgem/software_design_project/anomaly-detection/src/main/java/org/opensearch/ad/util/MultiResponsesDelegateActionListener.java,org.opensearch.ad.util.MultiResponsesDelegateActionListener,class,5,9,4,5,13,1,0,18,0,0.51111114,0.0,0.0,5,0,3,2,0,0,3,0,0,0,9,2,0,8,0,1,7,0,4,66,0,1,3,2,0,3,6,11,1,11,2,0,0,0,61,1,2
/Users/bilgem/software_design_project/anomaly-detection/src/main/java/org/opensearch/ad/transport/DeleteModelNodeRequest.java,org.opensearch.ad.transport.DeleteModelNodeRequest,class,4,5,1,4,5,2,0,4,0,0.2,0.0,0.0,5,0,2,0,0,3,5,0,0,0,1,0,0,1,0,0,0,0,0,19,1,0,0,0,0,0,0,2,0,1,0,0,0,0,27,1,0
/Users/bilgem/software_design_project/anomaly-detection/src/main/java/org/opensearch/ad/transport/AnomalyDetectorJobResponse.java,org.opensearch.ad.transport.AnomalyDetectorJobResponse,class,7,10,3,7,5,2,0,9,0,0.2,0.0,0.0,5,0,5,0,0,0,5,0,0,0,5,0,0,5,0,0,5,0,0,35,2,0,0,0,0,0,0,10,0,5,0,0,0,0,33,1,0
/Users/bilgem/software_design_project/anomaly-detection/src/main/java/org/opensearch/ad/ml/KllFloatsSketchSerDe.java,org.opensearch.ad.ml.KllFloatsSketchSerDe,class,7,8,1,7,2,1,0,8,1,0.0,0.0,0.0,2,0,2,0,0,0,2,0,0,0,0,0,0,0,0,0,0,0,2,8,2,0,0,0,0,0,0,0,0,0,0,0,0,0,28,1,0
/Users/bilgem/software_design_project/anomaly-detection/src/main/java/org/opensearch/ad/model/AnomalyResult.java,org.opensearch.ad.model.AnomalyResult,class,17,33,16,17,67,1,0,55,22,0.79301065,0.0,0.0,24,1,24,0,0,0,24,0,0,0,31,16,11,20,0,0,30,0,6,286,21,4,20,0,1,28,2,82,0,52,3,0,0,1,121,1,0
/Users/bilgem/software_design_project/anomaly-detection/src/main/java/org/opensearch/ad/transport/ADResultBulkResponse.java,org.opensearch.ad.transport.ADResultBulkResponse,class,4,6,2,4,13,2,0,6,0,0.5,0.0,0.0,6,0,6,0,0,0,6,0,0,0,2,1,1,1,0,0,1,0,1,36,2,2,3,0,0,1,5,6,0,4,2,0,0,0,44,1,0
/Users/bilgem/software_design_project/anomaly-detection/src/main/java/org/opensearch/ad/breaker/CircuitBreaker.java,org.opensearch.ad.breaker.CircuitBreaker,interface,0,2,2,0,1,1,0,0,0,0.0,NaN,NaN,1,0,0,0,0,1,1,0,0,0,0,0,0,0,0,0,0,0,0,3,0,0,0,0,0,0,0,0,0,0,0,0,0,0,17,1,0
/Users/bilgem/software_design_project/anomaly-detection/src/main/java/org/opensearch/ad/common/exception/DuplicateTaskException.java,org.opensearch.ad.common.exception.DuplicateTaskException,class,1,4,3,1,1,5,0,1,0,0.0,NaN,NaN,1,0,1,0,0,0,1,0,0,0,0,0,0,0,0,0,0,0,0,6,0,0,0,0,0,0,0,0,0,0,0,0,0,0,7,1,0
/Users/bilgem/software_design_project/anomaly-detection/src/main/java/org/opensearch/ad/model/DetectionDateRange.java,org.opensearch.ad.model.DetectionDateRange,class,11,22,11,11,20,1,0,21,0,0.54545456,0.0,0.0,11,1,10,1,0,0,10,0,0,0,4,2,2,2,0,0,4,0,2,76,9,1,6,0,0,7,0,13,0,9,2,0,0,0,67,1,0
/Users/bilgem/software_design_project/anomaly-detection/src/main/java/org/opensearch/ad/transport/GetAnomalyDetectorTransportAction.java,org.opensearch.ad.transport.GetAnomalyDetectorTransportAction$Anonymous2,anonymous,2,2,0,2,1,1,0,1,0,0.0,NaN,NaN,1,0,1,0,0,0,1,0,0,0,0,0,0,0,0,0,0,0,0,5,0,0,0,0,0,0,3,0,0,0,0,0,0,0,8,-1,0
/Users/bilgem/software_design_project/anomaly-detection/src/main/java/org/opensearch/ad/model/EntityAnomalyResult.java,org.opensearch.ad.model.EntityAnomalyResult,class,3,4,1,3,7,1,0,3,0,0.0,0.0,0.0,3,0,3,0,0,0,3,0,0,0,1,0,0,1,0,0,0,0,0,18,2,0,4,0,0,0,0,2,0,2,1,0,0,0,11,1,0
/Users/bilgem/software_design_project/anomaly-detection/src/main/java/org/opensearch/ad/transport/GetAnomalyDetectorTransportAction.java,org.opensearch.ad.transport.GetAnomalyDetectorTransportAction$Anonymous1,anonymous,8,8,0,8,13,1,0,20,1,0.0,0.0,0.0,2,0,2,0,0,0,2,0,0,0,0,0,0,0,0,0,0,0,3,51,3,1,2,2,0,2,3,17,3,11,4,0,0,0,57,-1,0
/Users/bilgem/software_design_project/anomaly-detection/src/main/java/org/opensearch/ad/util/IndexUtils.java,org.opensearch.ad.util.IndexUtils,class,13,19,6,13,10,1,0,27,0,0.625,0.0,0.0,4,0,4,0,0,0,4,0,0,0,8,4,3,5,0,0,5,0,0,49,6,0,2,0,0,5,5,14,1,14,3,0,0,1,128,1,0
/Users/bilgem/software_design_project/anomaly-detection/src/main/java/org/opensearch/ad/transport/StatsAnomalyDetectorResponse.java,org.opensearch.ad.transport.StatsAnomalyDetectorResponse,class,7,7,0,7,5,2,0,2,0,0.0,0.0,0.0,5,0,4,0,1,0,5,0,0,0,1,0,0,1,0,0,0,0,0,20,2,0,0,0,0,0,0,2,0,1,0,0,0,0,28,1,0
/Users/bilgem/software_design_project/anomaly-detection/src/main/java/org/opensearch/ad/model/Mergeable.java,org.opensearch.ad.model.Mergeable,interface,1,7,6,1,1,1,0,0,0,0.0,NaN,NaN,1,0,0,0,0,1,1,0,0,0,0,0,0,0,0,0,0,0,0,3,0,0,0,0,0,0,0,0,0,0,0,0,0,0,3,1,0
/Users/bilgem/software_design_project/anomaly-detection/src/main/java/org/opensearch/ad/transport/DeleteAnomalyDetectorTransportAction.java,org.opensearch.ad.transport.DeleteAnomalyDetectorTransportAction$Anonymous1,anonymous,1,1,0,1,2,1,0,2,1,0.0,0.0,0.0,2,0,2,0,0,0,2,0,0,0,0,0,0,0,0,0,0,0,0,8,0,0,0,0,0,0,0,0,0,0,0,0,0,0,7,-1,0
/Users/bilgem/software_design_project/anomaly-detection/src/main/java/org/opensearch/ad/transport/ADTaskProfileTransportAction.java,org.opensearch.ad.transport.ADTaskProfileTransportAction,class,16,17,1,16,5,2,0,7,8,0.6,0.0,0.0,5,0,1,0,4,0,5,0,0,0,2,0,0,2,0,0,0,0,0,24,4,0,0,0,0,0,0,5,0,5,0,0,0,0,34,1,0
/Users/bilgem/software_design_project/anomaly-detection/src/main/java/org/opensearch/ad/util/DiscoveryNodeFilterer.java,org.opensearch.ad.util.DiscoveryNodeFilterer,class,6,18,12,6,9,1,0,7,0,0.6111111,0.0,0.0,6,0,6,0,0,0,6,0,0,0,3,1,0,3,0,0,3,0,0,41,5,2,0,0,0,0,2,7,0,7,2,0,1,0,79,1,0
/Users/bilgem/software_design_project/anomaly-detection/src/main/java/org/opensearch/ad/task/ADTaskCancellationState.java,org.opensearch.ad.task.ADTaskCancellationState,enum,0,4,4,0,0,1,0,0,0,0.0,-1.0,-1.0,0,0,0,0,0,0,0,0,0,0,0,0,0,0,0,0,0,0,0,1,0,0,0,0,0,0,0,0,0,0,0,0,0,0,13,1,0
/Users/bilgem/software_design_project/anomaly-detection/src/main/java/org/opensearch/ad/caching/CacheProvider.java,org.opensearch.ad.caching.CacheProvider,class,2,11,9,2,2,1,0,0,0,0.0,0.0,0.0,2,0,2,0,0,0,2,0,0,0,1,0,0,1,0,0,0,0,0,9,1,0,0,0,0,0,0,1,0,1,0,0,0,0,23,1,0
/Users/bilgem/software_design_project/anomaly-detection/src/main/java/org/opensearch/ad/cluster/ADClusterEventListener.java,org.opensearch.ad.cluster.ADClusterEventListener,class,8,10,2,8,8,1,0,19,0,0.35714287,0.0,0.0,2,0,2,0,0,0,2,0,0,0,7,4,0,4,0,3,6,0,0,49,2,0,0,1,0,9,1,8,1,12,3,0,0,5,55,1,7
/Users/bilgem/software_design_project/anomaly-detection/src/main/java/org/opensearch/ad/model/ADTask.java,org.opensearch.ad.model.ADTask,class,15,28,13,15,105,1,0,107,543,0.90400785,0.0,0.0,43,3,42,1,0,0,42,0,0,0,47,24,24,23,0,0,24,0,8,589,36,1,34,0,0,24,1,130,0,74,2,0,1,0,137,1,0
/Users/bilgem/software_design_project/anomaly-detection/src/main/java/org/opensearch/ad/transport/SearchAnomalyResultTransportAction.java,org.opensearch.ad.transport.SearchAnomalyResultTransportAction,class,8,9,1,8,2,2,0,1,0,0.0,0.0,0.0,2,0,1,0,1,0,2,0,0,0,1,0,0,1,0,0,0,0,0,10,0,0,0,0,0,0,0,1,0,1,0,0,0,0,16,1,0
/Users/bilgem/software_design_project/anomaly-detection/src/main/java/org/opensearch/ad/model/AnomalyDetectorExecutionInput.java,org.opensearch.ad.model.AnomalyDetectorExecutionInput,class,8,11,3,8,21,1,0,21,3,0.6818182,0.0,0.0,11,2,11,0,0,0,11,0,0,0,8,4,0,8,0,0,4,0,4,81,11,1,4,0,0,4,0,22,0,16,3,0,0,0,60,1,0
/Users/bilgem/software_design_project/anomaly-detection/src/main/java/org/opensearch/ad/transport/CronAction.java,org.opensearch.ad.transport.CronAction,class,2,3,1,2,1,2,0,0,0,0.5,-1.0,-1.0,1,0,0,1,0,0,0,0,0,0,2,2,2,0,0,0,2,0,0,7,0,0,0,0,0,1,0,2,1,2,0,0,0,0,10,1,0
/Users/bilgem/software_design_project/anomaly-detection/src/main/java/org/opensearch/ad/transport/ADBatchAnomalyResultResponse.java,org.opensearch.ad.transport.ADBatchAnomalyResultResponse,class,3,4,1,3,5,2,0,4,0,0.2,0.0,0.0,5,0,5,0,0,0,5,0,0,0,2,0,2,0,0,0,0,0,0,23,2,0,0,0,0,0,0,4,0,2,0,0,0,0,26,1,0
/Users/bilgem/software_design_project/anomaly-detection/src/main/java/org/opensearch/ad/common/exception/ClientException.java,org.opensearch.ad.common.exception.ClientException,class,1,6,5,1,4,5,2,0,6,0.0,0.0,0.0,4,0,4,0,0,0,4,0,0,0,0,0,0,0,0,0,0,0,0,14,0,0,0,0,0,0,0,0,0,0,0,0,0,0,18,1,0
/Users/bilgem/software_design_project/anomaly-detection/src/main/java/org/opensearch/ad/transport/SearchAnomalyDetectorInfoTransportAction.java,org.opensearch.ad.transport.SearchAnomalyDetectorInfoTransportAction,class,15,17,2,15,4,2,0,15,0,0.33333334,0.0,0.0,2,0,1,0,1,0,2,0,0,0,3,1,0,3,0,0,3,0,1,65,0,0,0,1,0,1,0,11,0,11,2,2,0,0,50,1,1
/Users/bilgem/software_design_project/anomaly-detection/src/main/java/org/opensearch/ad/ml/EntityModel.java,org.opensearch.ad.ml.EntityModel,class,3,14,11,3,11,1,0,4,0,0.52380955,0.0,0.0,7,0,7,0,0,0,7,0,0,0,3,0,0,3,0,0,0,0,2,36,3,0,4,0,0,0,1,6,0,3,1,0,0,0,44,1,0
/Users/bilgem/software_design_project/anomaly-detection/src/main/java/org/opensearch/ad/transport/CronNodeRequest.java,org.opensearch.ad.transport.CronNodeRequest,class,2,3,1,2,2,2,0,0,1,0.0,0.0,0.0,2,0,2,0,0,0,2,0,0,0,0,0,0,0,0,0,0,0,0,7,0,0,0,0,0,0,0,0,0,0,0,0,0,0,19,1,0
/Users/bilgem/software_design_project/anomaly-detection/src/main/java/org/opensearch/ad/transport/ADBatchAnomalyResultRequest.java,org.opensearch.ad.transport.ADBatchAnomalyResultRequest,class,6,9,3,6,8,2,0,7,0,0.0,0.0,0.0,5,0,5,0,0,0,5,0,0,0,1,0,0,1,0,0,0,0,0,32,2,0,2,0,0,3,0,7,0,3,1,0,0,0,34,1,0
/Users/bilgem/software_design_project/anomaly-detection/src/main/java/org/opensearch/ad/transport/GetAnomalyDetectorResponse.java,org.opensearch.ad.transport.GetAnomalyDetectorResponse,class,12,14,2,12,26,2,0,19,0,0.56250006,0.0,0.0,9,0,9,0,0,0,9,0,0,0,16,2,2,14,0,0,2,0,0,173,6,0,5,0,0,2,0,38,0,17,2,0,0,0,63,1,0
/Users/bilgem/software_design_project/anomaly-detection/src/main/java/org/opensearch/ad/transport/EntityProfileResponse.java,org.opensearch.ad.transport.EntityProfileResponse$Builder,innerclass,3,3,0,3,6,1,0,0,7,0.6666667,0.0,0.0,6,0,6,0,0,0,6,0,0,0,4,0,0,4,0,0,0,0,0,27,5,0,0,0,0,0,2,8,0,4,0,0,0,0,22,9,0
/Users/bilgem/software_design_project/anomaly-detection/src/main/java/org/opensearch/ad/constant/CommonValue.java,org.opensearch.ad.constant.CommonValue,class,0,0,0,0,0,1,0,0,0,NaN,-1.0,-1.0,0,0,0,0,0,0,0,0,0,0,3,3,3,0,0,0,0,0,0,5,0,0,0,0,0,2,1,3,0,3,0,0,0,0,23,1,0
/Users/bilgem/software_design_project/anomaly-detection/src/main/java/org/opensearch/ad/transport/ThresholdResultTransportAction.java,org.opensearch.ad.transport.ThresholdResultTransportAction,class,11,13,2,11,3,2,0,12,0,0.25,0.0,0.0,2,0,1,0,1,0,2,0,0,0,2,1,0,2,0,0,1,0,0,18,0,0,0,1,0,1,0,2,0,4,1,0,0,2,25,1,2
/Users/bilgem/software_design_project/anomaly-detection/src/main/java/org/opensearch/ad/transport/SearchAnomalyDetectorInfoAction.java,org.opensearch.ad.transport.SearchAnomalyDetectorInfoAction,class,2,3,1,2,1,2,0,0,0,0.5,-1.0,-1.0,1,0,0,1,0,0,0,0,0,0,2,2,2,0,0,0,2,0,0,7,0,0,0,0,0,1,0,2,1,2,0,0,0,0,13,1,0
/Users/bilgem/software_design_project/anomaly-detection/src/main/java/org/opensearch/ad/common/exception/NotSerializedADExceptionName.java,org.opensearch.ad.common.exception.NotSerializedADExceptionName,enum,13,15,2,13,14,1,0,9,1,0.5,0.0,0.0,3,1,2,0,0,1,3,0,0,0,2,1,0,2,0,0,2,0,2,50,2,1,0,0,0,18,0,13,0,4,3,0,0,0,100,1,1
/Users/bilgem/software_design_project/anomaly-detection/src/main/java/org/opensearch/ad/indices/AnomalyDetectionIndices.java,org.opensearch.ad.indices.AnomalyDetectionIndices,class,37,53,16,37,109,1,0,134,490,0.9136178,0.0,0.0,41,10,24,15,0,2,26,0,0,0,24,7,4,19,0,1,11,0,12,568,32,11,19,6,2,48,10,115,6,118,7,0,1,31,281,1,31
/Users/bilgem/software_design_project/anomaly-detection/src/main/java/org/opensearch/ad/rest/RestGetAnomalyDetectorAction.java,org.opensearch.ad.rest.RestGetAnomalyDetectorAction,class,12,14,2,12,12,2,0,17,15,0.9166666,0.0,0.0,6,0,4,1,1,0,5,0,0,0,2,2,0,2,0,0,2,0,11,47,7,0,2,0,0,12,0,14,0,15,2,0,0,1,70,1,0
/Users/bilgem/software_design_project/anomaly-detection/src/main/java/org/opensearch/ad/cluster/ADDataMigrator.java,org.opensearch.ad.cluster.ADDataMigrator,class,29,32,3,29,34,1,0,72,0,0.5208333,0.0,0.0,8,0,6,2,0,0,6,0,0,0,6,0,0,6,0,0,6,0,1,188,5,1,8,3,1,21,5,31,9,43,4,0,0,13,140,1,19
/Users/bilgem/software_design_project/anomaly-detection/src/main/java/org/opensearch/ad/caching/PriorityCache.java,org.opensearch.ad.caching.PriorityCache,class,23,25,2,23,113,1,0,164,0,0.8362069,0.0,0.0,29,0,17,12,0,0,17,0,0,0,16,0,0,15,1,0,8,0,5,497,37,11,35,4,2,5,15,124,5,128,4,1,0,24,284,1,3
/Users/bilgem/software_design_project/anomaly-detection/src/main/java/org/opensearch/ad/ml/EntityColdStarter.java,org.opensearch.ad.ml.EntityColdStarter,class,30,35,5,30,51,1,0,104,0,0.6954546,0.0,0.0,11,0,5,6,0,0,5,0,0,0,20,1,0,20,0,0,17,0,8,274,9,4,12,5,5,10,25,67,14,73,6,0,0,13,309,1,7
/Users/bilgem/software_design_project/anomaly-detection/src/main/java/org/opensearch/ad/feature/AbstractRetriever.java,org.opensearch.ad.feature.AbstractRetriever,class,13,18,5,13,8,1,2,27,6,0.0,0.0,0.0,4,0,0,0,4,0,4,0,0,0,0,0,0,0,0,0,0,0,3,31,3,0,0,0,2,2,0,6,1,10,2,0,0,7,52,1025,0
/Users/bilgem/software_design_project/anomaly-detection/src/main/java/org/opensearch/ad/feature/Features.java,org.opensearch.ad.feature.Features,class,2,4,2,2,9,1,0,4,0,0.33333334,0.0,0.0,6,0,6,0,0,0,6,0,0,0,3,0,0,3,0,0,3,0,4,28,7,0,3,0,0,0,0,4,0,4,1,0,0,0,49,1,0
/Users/bilgem/software_design_project/anomaly-detection/src/main/java/org/opensearch/ad/transport/PreviewAnomalyDetectorTransportAction.java,org.opensearch.ad.transport.PreviewAnomalyDetectorTransportAction,class,29,32,3,29,16,2,0,36,3,0.66666675,0.0,0.0,7,0,1,4,1,1,3,0,0,0,9,0,0,9,0,0,6,0,4,132,7,0,1,3,0,6,0,23,2,26,4,2,0,7,84,1,4
/Users/bilgem/software_design_project/anomaly-detection/src/main/java/org/opensearch/ad/rest/RestExecuteAnomalyDetectorAction.java,org.opensearch.ad.rest.RestExecuteAnomalyDetectorAction,class,18,20,2,18,16,2,0,30,21,0.90476197,0.0,0.0,7,0,4,2,1,0,5,0,0,0,3,1,1,2,0,0,2,0,4,60,10,0,4,0,0,6,0,12,0,12,2,0,0,2,92,1,0
/Users/bilgem/software_design_project/anomaly-detection/src/main/java/org/opensearch/ad/transport/AnomalyResultResponse.java,org.opensearch.ad.transport.AnomalyResultResponse,class,10,14,4,10,21,2,0,21,0,0.75390625,0.0,0.0,16,1,16,0,0,0,16,0,0,0,16,8,8,8,0,0,8,0,0,119,11,3,0,2,0,9,1,29,0,21,2,0,0,0,81,1,0
/Users/bilgem/software_design_project/anomaly-detection/src/main/java/org/opensearch/ad/model/AnomalyDetectorJob.java,org.opensearch.ad.model.AnomalyDetectorJob,class,20,30,10,20,35,1,0,37,0,0.76785713,0.0,0.0,16,1,16,0,0,0,16,0,0,0,21,12,12,9,0,0,21,0,5,174,15,1,8,0,0,11,0,53,0,34,2,0,1,1,97,1,0
/Users/bilgem/software_design_project/anomaly-detection/src/main/java/org/opensearch/ad/transport/ProfileAction.java,org.opensearch.ad.transport.ProfileAction,class,2,3,1,2,1,2,0,0,0,0.5,-1.0,-1.0,1,0,0,1,0,0,0,0,0,0,2,2,2,0,0,0,2,0,0,7,0,0,0,0,0,1,0,2,1,2,0,0,0,0,13,1,0
/Users/bilgem/software_design_project/anomaly-detection/src/main/java/org/opensearch/ad/transport/EntityProfileRequest.java,org.opensearch.ad.transport.EntityProfileRequest,class,10,12,2,10,17,2,0,20,0,0.5,0.0,0.0,8,0,8,0,0,0,8,0,0,0,5,2,2,3,0,0,2,0,3,75,5,2,3,0,0,3,2,16,0,9,2,0,0,0,55,1,0
/Users/bilgem/software_design_project/anomaly-detection/src/main/java/org/opensearch/ad/transport/handler/AnomalyResultBulkIndexHandler.java,org.opensearch.ad.transport.handler.AnomalyResultBulkIndexHandler,class,17,20,3,17,11,2,0,23,0,0.33333334,0.0,0.0,3,0,2,1,0,0,2,0,0,0,2,1,0,2,0,0,1,0,0,73,1,0,2,2,0,6,1,8,0,13,4,0,0,5,71,1,6
/Users/bilgem/software_design_project/anomaly-detection/src/main/java/org/opensearch/ad/transport/ADResultBulkTransportAction.java,org.opensearch.ad.transport.ADResultBulkTransportAction,class,18,20,2,18,15,2,0,23,0,0.37499997,0.0,0.0,3,0,1,1,1,0,2,0,0,0,8,1,0,8,0,0,2,0,1,70,0,3,1,1,0,1,4,18,3,19,3,0,0,3,63,1,1
/Users/bilgem/software_design_project/anomaly-detection/src/main/java/org/opensearch/ad/ml/ModelManager.java,org.opensearch.ad.ml.ModelManager,class,24,39,15,24,69,1,0,161,138,0.87477314,0.0,0.0,29,0,15,14,0,0,15,0,0,0,19,4,1,15,3,0,14,0,15,348,12,2,14,1,0,10,25,71,7,89,3,0,1,25,311,1,3
/Users/bilgem/software_design_project/anomaly-detection/src/main/java/org/opensearch/ad/ml/ThresholdingResult.java,org.opensearch.ad.ml.ThresholdingResult,class,1,4,3,1,9,1,0,3,0,0.33333334,0.0,0.0,6,0,6,0,0,0,6,0,0,0,3,0,0,3,0,0,3,0,4,28,7,0,3,0,0,0,0,4,0,4,1,0,0,0,46,1,0
/Users/bilgem/software_design_project/anomaly-detection/src/main/java/org/opensearch/ad/transport/ADResultBulkAction.java,org.opensearch.ad.transport.ADResultBulkAction,class,4,5,1,4,2,2,0,3,1,0.75,NaN,NaN,2,0,1,1,0,0,1,0,0,0,2,2,2,0,0,0,2,0,0,10,1,0,0,0,0,1,0,2,1,2,0,0,0,0,18,1,0
/Users/bilgem/software_design_project/anomaly-detection/src/main/java/org/opensearch/ad/model/DetectorProfile.java,org.opensearch.ad.model.DetectorProfile$Builder,innerclass,6,6,0,6,13,1,0,0,56,0.84615386,0.0,0.0,13,0,13,0,0,0,13,0,0,0,11,0,0,11,0,0,0,0,0,74,12,0,0,0,0,0,3,31,0,12,0,0,0,0,28,9,0
/Users/bilgem/software_design_project/anomaly-detection/src/main/java/org/opensearch/ad/transport/AnomalyResultTransportAction.java,org.opensearch.ad.transport.AnomalyResultTransportAction$EntityResultListener,innerclass,8,8,0,8,14,1,0,11,0,0.21428572,0.0,0.0,4,0,2,1,0,1,3,0,0,0,7,0,0,7,0,0,1,0,0,59,0,0,6,2,0,4,0,7,0,7,2,0,0,0,32,0,4
/Users/bilgem/software_design_project/anomaly-detection/src/main/java/org/opensearch/ad/transport/StatsAnomalyDetectorTransportAction.java,org.opensearch.ad.transport.StatsAnomalyDetectorTransportAction,class,24,26,2,24,22,2,0,58,0,0.65714294,0.0,0.0,7,0,1,5,1,0,2,0,0,0,5,1,1,4,0,0,5,0,1,86,2,1,0,1,1,2,4,21,0,26,4,0,0,7,106,1,1
/Users/bilgem/software_design_project/anomaly-detection/src/main/java/org/opensearch/ad/task/ADTaskSlotLimit.java,org.opensearch.ad.task.ADTaskSlotLimit,class,0,1,1,0,4,1,0,0,0,0.375,0.0,0.0,4,0,4,0,0,0,4,0,0,0,2,0,0,2,0,0,0,0,0,17,1,0,0,0,0,0,0,4,0,2,0,0,0,0,12,1,0
/Users/bilgem/software_design_project/anomaly-detection/src/main/java/org/opensearch/ad/ratelimit/EntityRequest.java,org.opensearch.ad.ratelimit.EntityRequest,class,3,6,3,3,3,2,1,1,0,0.0,0.0,0.0,3,0,3,0,0,0,3,0,0,0,1,0,0,1,0,0,1,0,0,13,2,0,0,0,0,0,0,1,0,1,0,0,0,0,20,1,0
/Users/bilgem/software_design_project/anomaly-detection/src/main/java/org/opensearch/ad/rest/RestSearchADTasksAction.java,org.opensearch.ad.rest.RestSearchADTasksAction,class,2,3,1,2,2,3,0,1,1,0.5,0.0,0.0,2,0,2,0,0,0,2,0,0,0,3,2,0,3,0,0,3,0,0,11,1,0,0,0,0,3,0,3,2,3,0,0,0,0,33,1,0
/Users/bilgem/software_design_project/anomaly-detection/src/main/java/org/opensearch/ad/transport/ADStatsNodeRequest.java,org.opensearch.ad.transport.ADStatsNodeRequest,class,4,5,1,4,5,2,0,2,0,0.2,0.0,0.0,5,0,5,0,0,0,5,0,0,0,1,0,0,1,0,0,0,0,0,20,1,0,0,0,0,0,0,2,0,1,0,0,0,0,25,1,0
/Users/bilgem/software_design_project/anomaly-detection/src/main/java/org/opensearch/ad/transport/PreviewAnomalyDetectorResponse.java,org.opensearch.ad.transport.PreviewAnomalyDetectorResponse,class,8,9,1,8,4,2,0,6,0,0.375,0.0,0.0,4,0,4,0,0,0,4,0,0,0,4,2,2,2,0,0,2,0,0,22,1,0,0,0,0,2,0,6,0,4,0,0,0,0,38,1,0
/Users/bilgem/software_design_project/anomaly-detection/src/main/java/org/opensearch/ad/transport/ForwardADTaskAction.java,org.opensearch.ad.transport.ForwardADTaskAction,class,2,3,1,2,1,2,0,0,0,0.5,-1.0,-1.0,1,0,0,1,0,0,0,0,0,0,2,2,2,0,0,0,2,0,0,7,0,0,0,0,0,2,0,2,1,2,0,0,0,0,14,1,0
/Users/bilgem/software_design_project/anomaly-detection/src/main/java/org/opensearch/ad/ml/TRCFMemoryAwareConcurrentHashmap.java,org.opensearch.ad.ml.TRCFMemoryAwareConcurrentHashmap,class,4,5,1,4,7,3,0,6,0,0.0,0.0,0.0,3,0,3,0,0,0,3,0,0,0,1,0,0,1,0,0,1,0,0,22,2,0,4,0,0,0,0,5,0,5,1,0,0,0,54,1,0
/Users/bilgem/software_design_project/anomaly-detection/src/main/java/org/opensearch/ad/transport/AnomalyResultTransportAction.java,org.opensearch.ad.transport.AnomalyResultTransportAction$PageListener,innerclass,19,19,0,19,11,1,0,33,0,0.4375,0.0,0.0,4,0,2,1,0,1,3,0,0,0,4,0,0,4,0,0,0,0,0,60,0,1,4,1,1,3,0,16,1,18,5,0,0,4,57,0,3
/Users/bilgem/software_design_project/anomaly-detection/src/main/java/org/opensearch/ad/dataprocessor/Interpolator.java,org.opensearch.ad.dataprocessor.Interpolator,interface,1,6,5,1,1,1,0,0,0,0.0,NaN,NaN,1,0,0,0,0,1,1,0,0,0,0,0,0,0,0,0,0,0,0,3,0,0,0,0,0,0,0,0,0,0,0,0,0,0,4,1,0
/Users/bilgem/software_design_project/anomaly-detection/src/main/java/org/opensearch/ad/transport/ProfileNodeResponse.java,org.opensearch.ad.transport.ProfileNodeResponse,class,10,13,3,10,19,2,0,22,0,0.54545456,0.0,0.0,11,1,11,0,0,0,11,0,0,0,6,0,0,6,0,0,0,0,2,93,8,2,2,0,0,0,0,12,0,6,2,0,0,0,87,1,0
/Users/bilgem/software_design_project/anomaly-detection/src/main/java/org/opensearch/ad/ratelimit/RateLimitedRequestWorker.java,org.opensearch.ad.ratelimit.RateLimitedRequestWorker$RequestQueue,innerclass,4,4,0,4,13,1,0,9,0,0.4375,0.0,0.0,8,0,7,0,0,1,8,0,0,0,2,0,0,2,0,0,1,0,0,46,6,2,3,0,1,0,3,7,1,6,2,0,0,0,142,0,0
/Users/bilgem/software_design_project/anomaly-detection/src/main/java/org/opensearch/ad/model/Feature.java,org.opensearch.ad.model.Feature,class,11,17,6,11,21,1,0,26,0,0.60227275,0.0,0.0,11,1,11,0,0,0,11,0,0,0,8,4,0,8,0,0,8,0,1,88,10,1,5,0,0,6,0,23,0,15,2,0,0,0,79,1,0
/Users/bilgem/software_design_project/anomaly-detection/src/main/java/org/opensearch/ad/transport/SearchAnomalyDetectorInfoTransportAction.java,org.opensearch.ad.transport.SearchAnomalyDetectorInfoTransportAction$Anonymous1,anonymous,3,3,0,3,3,1,0,5,1,0.0,0.0,0.0,2,0,2,0,0,0,2,0,0,0,0,0,0,0,0,0,0,0,0,15,0,0,1,0,0,0,1,2,0,2,1,0,0,0,11,-1,0
/Users/bilgem/software_design_project/anomaly-detection/src/main/java/org/opensearch/ad/transport/SearchAnomalyDetectorInfoTransportAction.java,org.opensearch.ad.transport.SearchAnomalyDetectorInfoTransportAction$Anonymous2,anonymous,3,3,0,3,4,1,0,5,1,0.0,0.0,0.0,2,0,2,0,0,0,2,0,0,0,0,0,0,0,0,0,0,0,0,17,0,0,1,0,0,0,3,4,0,3,1,0,0,0,14,-1,0
/Users/bilgem/software_design_project/anomaly-detection/src/main/java/org/opensearch/ad/task/ADTaskManager.java,org.opensearch.ad.task.ADTaskManager,class,78,96,18,78,308,1,0,390,914,0.92450994,0.0,0.0,85,0,50,26,9,0,59,0,0,1,24,6,3,20,0,1,17,0,34,1654,67,11,75,17,1,161,73,244,73,333,6,0,0,124,625,1,125
/Users/bilgem/software_design_project/anomaly-detection/src/main/java/org/opensearch/ad/model/ADTask.java,org.opensearch.ad.model.ADTask$Builder,innerclass,6,6,0,6,25,1,0,0,254,0.92,0.0,0.0,25,0,25,0,0,0,25,0,0,0,23,0,0,23,0,0,0,0,0,146,24,0,0,0,0,0,0,68,0,24,0,0,0,0,50,9,0
/Users/bilgem/software_design_project/anomaly-detection/src/main/java/org/opensearch/ad/transport/SearchAnomalyDetectorInfoResponse.java,org.opensearch.ad.transport.SearchAnomalyDetectorInfoResponse,class,6,8,2,6,6,2,0,7,0,0.16666667,0.0,0.0,6,0,6,0,0,0,6,0,0,0,2,0,0,2,0,0,0,0,0,30,3,0,0,0,0,0,0,4,0,2,0,0,0,0,31,1,0
/Users/bilgem/software_design_project/anomaly-detection/src/main/java/org/opensearch/ad/transport/DeleteModelRequest.java,org.opensearch.ad.transport.DeleteModelRequest,class,8,11,3,8,8,2,0,8,0,0.14285715,0.0,0.0,7,0,7,0,0,0,7,0,0,0,1,0,0,1,0,0,0,0,0,34,3,0,0,0,0,0,0,4,0,2,1,0,0,0,46,1,0
/Users/bilgem/software_design_project/anomaly-detection/src/main/java/org/opensearch/ad/ratelimit/ConcurrentWorker.java,org.opensearch.ad.ratelimit.ConcurrentWorker,class,11,14,3,11,9,2,0,18,0,0.4375,0.0,0.0,4,0,2,0,2,0,4,1,0,0,4,1,0,4,0,0,1,0,0,43,0,0,2,1,0,1,1,6,0,5,4,0,0,4,177,1025,1
/Users/bilgem/software_design_project/anomaly-detection/src/main/java/org/opensearch/ad/dataprocessor/LinearUniformInterpolator.java,org.opensearch.ad.dataprocessor.LinearUniformInterpolator,class,3,4,1,3,3,1,0,1,0,0.0,0.0,0.0,2,0,2,0,0,0,2,0,0,0,1,0,0,1,0,0,0,0,0,14,1,1,0,0,0,0,1,5,0,4,1,0,0,0,13,1,0
/Users/bilgem/software_design_project/anomaly-detection/src/main/java/org/opensearch/ad/stats/suppliers/ModelsOnNodeCountSupplier.java,org.opensearch.ad.stats.suppliers.ModelsOnNodeCountSupplier,class,3,4,1,3,2,1,0,6,0,0.0,0.0,0.0,2,0,2,0,0,0,2,0,0,0,2,0,0,2,0,0,0,0,1,11,1,0,0,0,0,0,0,2,0,2,0,0,0,0,30,1,0
/Users/bilgem/software_design_project/anomaly-detection/src/main/java/org/opensearch/ad/ratelimit/ResultWriteRequest.java,org.opensearch.ad.ratelimit.ResultWriteRequest,class,3,4,1,3,2,2,0,0,0,0.0,0.0,0.0,2,0,2,0,0,0,2,0,0,0,1,0,0,1,0,0,1,0,0,10,1,0,0,0,0,0,0,1,0,1,0,0,0,0,8,1,0
/Users/bilgem/software_design_project/anomaly-detection/src/main/java/org/opensearch/ad/model/EntityState.java,org.opensearch.ad.model.EntityState,enum,0,2,2,0,0,1,0,0,0,0.0,-1.0,-1.0,0,0,0,0,0,0,0,0,0,0,0,0,0,0,0,0,0,0,0,1,0,0,0,0,0,0,0,0,0,0,0,0,0,0,8,1,0
/Users/bilgem/software_design_project/anomaly-detection/src/main/java/org/opensearch/ad/transport/ADTaskProfileNodeRequest.java,org.opensearch.ad.transport.ADTaskProfileNodeRequest,class,4,5,1,4,4,2,0,4,0,0.0,0.0,0.0,4,0,4,0,0,0,4,0,0,0,1,0,0,1,0,0,0,0,0,17,1,0,0,0,0,0,0,2,0,1,0,0,0,0,22,1,0
/Users/bilgem/software_design_project/anomaly-detection/src/main/java/org/opensearch/ad/transport/BackPressureRouting.java,org.opensearch.ad.transport.BackPressureRouting,class,3,5,2,3,10,1,0,6,0,0.66071427,0.0,0.0,8,0,7,1,0,0,7,0,0,0,7,1,0,7,0,0,3,0,0,45,4,0,0,0,0,1,2,11,1,8,1,0,0,0,88,1,1
/Users/bilgem/software_design_project/anomaly-detection/src/main/java/org/opensearch/ad/feature/SearchFeatureDao.java,org.opensearch.ad.feature.SearchFeatureDao,class,34,39,5,34,64,2,0,130,190,0.8620689,0.0,0.0,29,0,15,14,0,0,15,0,0,0,12,3,0,10,2,0,8,0,28,384,18,4,6,3,5,20,36,73,26,94,5,0,1,30,298,1,10
/Users/bilgem/software_design_project/anomaly-detection/src/main/java/org/opensearch/ad/util/ThrowingSupplier.java,org.opensearch.ad.util.ThrowingSupplier,interface,1,2,1,1,1,1,0,0,0,0.0,NaN,NaN,1,0,0,0,0,1,1,0,0,0,0,0,0,0,0,0,0,0,0,3,0,0,0,0,0,0,0,0,0,0,0,0,0,0,13,1,0
/Users/bilgem/software_design_project/anomaly-detection/src/main/java/org/opensearch/ad/transport/ADBatchAnomalyResultTransportAction.java,org.opensearch.ad.transport.ADBatchAnomalyResultTransportAction,class,8,9,1,8,2,2,0,2,0,0.0,0.0,0.0,2,0,1,0,1,0,2,0,0,0,2,0,0,2,0,0,2,0,0,12,0,0,0,0,0,0,0,2,0,2,0,0,0,0,18,1,0
/Users/bilgem/software_design_project/anomaly-detection/src/main/java/org/opensearch/ad/ratelimit/CheckpointWriteWorker.java,org.opensearch.ad.ratelimit.CheckpointWriteWorker,class,25,31,6,25,29,4,0,39,10,0.675,0.0,0.0,8,0,3,2,3,0,6,0,0,0,5,2,1,4,0,0,5,0,0,119,9,4,9,2,1,9,0,18,2,24,4,0,0,6,139,1,9
/Users/bilgem/software_design_project/anomaly-detection/src/main/java/org/opensearch/ad/transport/ForwardADTaskTransportAction.java,org.opensearch.ad.transport.ForwardADTaskTransportAction,class,22,24,2,22,29,2,0,56,0,0.083333336,0.0,0.0,2,0,1,0,1,0,2,0,0,0,6,0,0,6,0,0,6,0,2,146,0,1,4,0,0,22,25,19,2,21,4,0,0,2,94,1,17
/Users/bilgem/software_design_project/anomaly-detection/src/main/java/org/opensearch/ad/transport/EntityProfileTransportAction.java,org.opensearch.ad.transport.EntityProfileTransportAction,class,23,25,2,23,12,2,0,38,0,0.22222222,0.0,0.0,2,0,1,0,1,0,2,0,0,0,9,4,2,6,0,1,9,0,1,83,2,0,3,1,0,7,0,20,1,20,3,1,0,0,82,1,3
/Users/bilgem/software_design_project/anomaly-detection/src/main/java/org/opensearch/ad/transport/EntityResultTransportAction.java,org.opensearch.ad.transport.EntityResultTransportAction,class,39,41,2,39,25,2,0,52,0,0.475,0.0,0.0,4,0,1,2,1,0,2,0,0,0,10,1,0,10,0,0,2,0,1,125,6,3,8,1,1,6,4,32,3,32,4,0,0,3,220,1,5
/Users/bilgem/software_design_project/anomaly-detection/src/main/java/org/opensearch/ad/caching/PriorityTracker.java,org.opensearch.ad.caching.PriorityTracker$PriorityNode,innerclass,5,5,0,5,8,1,0,5,0,0.25,0.0,0.0,4,0,3,0,0,1,4,0,0,0,2,0,0,2,0,0,0,0,0,29,7,0,3,0,0,2,0,5,0,5,1,0,0,0,22,8,0
/Users/bilgem/software_design_project/anomaly-detection/src/main/java/org/opensearch/ad/ml/ThresholdingModel.java,org.opensearch.ad.ml.ThresholdingModel,interface,1,4,3,1,5,1,0,0,10,0.0,0.0,0.0,5,0,0,0,0,5,5,0,0,0,0,0,0,0,0,0,0,0,0,7,0,0,0,0,0,0,0,0,0,0,0,0,0,0,83,1,0
/Users/bilgem/software_design_project/anomaly-detection/src/main/java/org/opensearch/ad/transport/ADTaskProfileResponse.java,org.opensearch.ad.transport.ADTaskProfileResponse,class,6,7,1,6,4,2,0,2,6,0.0,0.0,0.0,4,0,4,0,0,0,4,0,0,0,0,0,0,0,0,0,0,0,0,14,1,0,0,0,0,0,0,0,0,0,0,0,0,0,21,1,0
/Users/bilgem/software_design_project/anomaly-detection/src/main/java/org/opensearch/ad/transport/DeleteModelResponse.java,org.opensearch.ad.transport.DeleteModelResponse,class,9,10,1,9,6,2,0,6,10,0.8,0.0,0.0,5,0,4,0,1,0,5,0,0,0,1,1,0,0,0,1,0,0,0,23,2,1,0,0,0,1,0,1,0,1,1,0,0,0,39,1,0
/Users/bilgem/software_design_project/anomaly-detection/src/main/java/org/opensearch/ad/model/DetectorInternalState.java,org.opensearch.ad.model.DetectorInternalState$Builder,innerclass,2,2,0,2,4,1,0,0,2,0.5,0.0,0.0,4,0,4,0,0,0,4,0,0,0,2,0,0,2,0,0,0,0,0,20,3,0,0,0,0,0,0,7,0,3,0,0,0,0,12,9,0
/Users/bilgem/software_design_project/anomaly-detection/src/main/java/org/opensearch/ad/cluster/ADVersionUtil.java,org.opensearch.ad.cluster.ADVersionUtil,class,2,7,5,2,8,1,0,7,3,0.6666667,0.0,0.0,3,3,3,0,0,0,3,0,0,0,1,1,1,0,0,0,1,0,1,28,4,1,2,0,0,4,3,4,1,4,1,0,0,0,35,1,0
/Users/bilgem/software_design_project/anomaly-detection/src/main/java/org/opensearch/ad/transport/ProfileRequest.java,org.opensearch.ad.transport.ProfileRequest,class,5,9,4,5,9,2,0,11,0,0.33333334,0.0,0.0,6,0,6,0,0,0,6,0,0,0,3,0,0,3,0,0,0,0,0,41,3,2,1,0,0,0,2,8,0,5,2,0,0,0,60,1,0
/Users/bilgem/software_design_project/anomaly-detection/src/main/java/org/opensearch/ad/model/AnomalyDetectorType.java,org.opensearch.ad.model.AnomalyDetectorType,enum,0,0,0,0,0,1,0,0,0,0.0,-1.0,-1.0,0,0,0,0,0,0,0,0,0,0,0,0,0,0,0,0,0,0,0,1,0,0,0,0,0,0,0,0,0,0,0,0,0,0,13,1,0
/Users/bilgem/software_design_project/anomaly-detection/src/main/java/org/opensearch/ad/transport/DeleteAnomalyDetectorAction.java,org.opensearch.ad.transport.DeleteAnomalyDetectorAction,class,2,3,1,2,1,2,0,0,0,0.5,-1.0,-1.0,1,0,0,1,0,0,0,0,0,0,2,2,2,0,0,0,2,0,0,7,0,0,0,0,0,1,0,2,1,2,0,0,0,0,12,1,0
/Users/bilgem/software_design_project/anomaly-detection/src/main/java/org/opensearch/ad/transport/DeleteModelAction.java,org.opensearch.ad.transport.DeleteModelAction,class,2,3,1,2,1,2,0,0,0,0.5,-1.0,-1.0,1,0,0,1,0,0,0,0,0,0,2,2,2,0,0,0,2,0,0,7,0,0,0,0,0,1,0,2,1,2,0,0,0,0,11,1,0
/Users/bilgem/software_design_project/anomaly-detection/src/main/java/org/opensearch/ad/transport/EntityProfileResponse.java,org.opensearch.ad.transport.EntityProfileResponse,class,13,17,4,13,23,2,0,20,0,0.5064935,0.0,0.0,11,0,11,0,0,0,11,0,0,0,7,3,3,4,0,0,7,0,3,133,12,0,6,0,0,4,2,18,0,12,2,0,1,0,63,1,0
/Users/bilgem/software_design_project/anomaly-detection/src/main/java/org/opensearch/ad/transport/ADCancelTaskAction.java,org.opensearch.ad.transport.ADCancelTaskAction,class,2,3,1,2,1,2,0,0,0,0.5,-1.0,-1.0,1,0,0,1,0,0,0,0,0,0,2,2,2,0,0,0,2,0,0,7,0,0,0,0,0,1,0,2,1,2,0,0,0,0,15,1,0
/Users/bilgem/software_design_project/anomaly-detection/src/main/java/org/opensearch/ad/cluster/diskcleanup/IndexCleanup.java,org.opensearch.ad.cluster.diskcleanup.IndexCleanup,class,9,12,3,9,8,1,0,27,0,0.4375,0.0,0.0,4,0,3,1,0,0,3,0,0,0,4,1,0,4,0,0,4,0,0,47,1,0,0,1,0,2,1,10,0,14,3,0,0,4,63,1,2
/Users/bilgem/software_design_project/anomaly-detection/src/main/java/org/opensearch/ad/feature/CompositeRetriever.java,org.opensearch.ad.feature.CompositeRetriever$Page,innerclass,3,3,0,3,6,1,0,3,0,0.0,0.0,0.0,4,0,4,0,0,0,4,0,0,0,1,0,0,0,0,1,0,0,0,19,3,0,2,0,0,1,0,2,0,2,1,0,0,0,11,1,0
/Users/bilgem/software_design_project/anomaly-detection/src/main/java/org/opensearch/ad/transport/IndexAnomalyDetectorAction.java,org.opensearch.ad.transport.IndexAnomalyDetectorAction,class,2,3,1,2,1,2,0,0,0,0.5,-1.0,-1.0,1,0,0,1,0,0,0,0,0,0,2,2,2,0,0,0,2,0,0,7,0,0,0,0,0,1,0,2,1,2,0,0,0,0,12,1,0
/Users/bilgem/software_design_project/anomaly-detection/src/main/java/org/opensearch/ad/rest/RestIndexAnomalyDetectorAction.java,org.opensearch.ad.rest.RestIndexAnomalyDetectorAction,class,21,23,2,21,8,2,0,20,13,0.7083333,0.0,0.0,6,0,4,1,1,0,5,0,0,0,8,1,0,8,0,0,2,0,4,66,5,0,0,0,0,4,0,22,0,23,1,1,0,7,89,1,1
/Users/bilgem/software_design_project/anomaly-detection/src/main/java/org/opensearch/ad/AnomalyDetectorRunner.java,org.opensearch.ad.AnomalyDetectorRunner,class,18,22,4,18,20,1,0,52,8,0.65,0.0,0.0,5,0,2,3,0,0,2,0,0,0,4,0,0,4,0,0,4,0,7,99,5,4,4,1,3,2,7,28,6,35,4,0,0,8,88,17,1
/Users/bilgem/software_design_project/anomaly-detection/src/main/java/org/opensearch/ad/transport/GetAnomalyDetectorRequest.java,org.opensearch.ad.transport.GetAnomalyDetectorRequest,class,5,7,2,5,14,2,0,8,12,0.6666666,0.0,0.0,12,0,12,0,0,0,12,0,0,0,8,0,0,8,0,0,0,0,0,78,9,0,1,0,0,0,0,16,0,8,1,0,0,0,40,1,0
/Users/bilgem/software_design_project/anomaly-detection/src/main/java/org/opensearch/ad/caching/CacheBuffer.java,org.opensearch.ad.caching.CacheBuffer,class,11,13,2,11,51,1,0,64,28,0.8316328,0.0,0.0,28,0,26,2,0,0,26,0,0,0,14,1,0,14,0,0,11,0,2,202,31,0,9,1,0,2,7,36,4,37,3,0,0,3,246,1,1
/Users/bilgem/software_design_project/anomaly-detection/src/main/java/org/opensearch/ad/AnomalyDetectorJobRunner.java,org.opensearch.ad.AnomalyDetectorJobRunner,class,35,37,2,35,55,1,0,96,70,0.8138527,0.0,0.0,21,1,9,10,2,0,11,0,0,0,11,2,0,11,0,0,1,0,4,298,8,0,13,5,9,38,3,52,24,66,6,0,0,18,258,1,27
/Users/bilgem/software_design_project/anomaly-detection/src/main/java/org/opensearch/ad/stats/suppliers/CounterSupplier.java,org.opensearch.ad.stats.suppliers.CounterSupplier,class,0,2,2,0,4,1,0,3,0,0.0,0.0,0.0,4,0,4,0,0,0,4,0,0,0,1,0,0,1,0,0,0,0,0,15,1,0,0,0,0,0,0,1,0,1,0,0,0,0,20,1,0
/Users/bilgem/software_design_project/anomaly-detection/src/main/java/org/opensearch/ad/feature/FeatureManager.java,org.opensearch.ad.feature.FeatureManager,class,20,31,11,20,59,1,0,172,410,0.907197,0.0,0.0,33,0,14,17,0,2,16,0,0,0,16,1,0,16,0,0,16,0,46,301,23,6,8,4,9,5,41,92,51,137,4,0,0,49,382,1,3
/Users/bilgem/software_design_project/anomaly-detection/src/main/java/org/opensearch/ad/transport/SearchADTasksTransportAction.java,org.opensearch.ad.transport.SearchADTasksTransportAction,class,8,9,1,8,2,2,0,1,0,0.0,0.0,0.0,2,0,1,0,1,0,2,0,0,0,1,0,0,1,0,0,0,0,0,10,0,0,0,0,0,0,0,1,0,1,0,0,0,0,15,1,0
/Users/bilgem/software_design_project/anomaly-detection/src/main/java/org/opensearch/ad/transport/RCFPollingTransportAction.java,org.opensearch.ad.transport.RCFPollingTransportAction$Anonymous1,anonymous,3,3,0,3,4,1,0,2,6,0.0,0.0,0.0,4,0,4,0,0,0,4,0,0,0,0,0,0,0,0,0,0,0,0,14,2,0,0,0,0,0,0,0,0,0,0,0,0,0,17,-1,0
/Users/bilgem/software_design_project/anomaly-detection/src/main/java/org/opensearch/ad/ml/CheckpointDao.java,org.opensearch.ad.ml.CheckpointDao,class,45,51,6,45,90,1,0,124,70,0.8821427,0.0,0.0,28,0,14,14,0,0,14,0,0,0,30,15,8,16,0,6,24,0,37,482,29,2,10,12,2,43,4,93,8,92,4,0,0,23,265,1,27
/Users/bilgem/software_design_project/anomaly-detection/src/main/java/org/opensearch/ad/rest/handler/AnomalyDetectorActionHandler.java,org.opensearch.ad.rest.handler.AnomalyDetectorActionHandler,class,12,15,3,12,7,1,0,20,0,0.0,NaN,NaN,2,0,1,1,0,0,1,0,0,0,1,0,0,1,0,0,1,0,2,37,1,0,1,1,0,3,0,6,3,8,4,0,0,2,83,1,2
/Users/bilgem/software_design_project/anomaly-detection/src/main/java/org/opensearch/ad/transport/StatsAnomalyDetectorAction.java,org.opensearch.ad.transport.StatsAnomalyDetectorAction,class,2,3,1,2,1,2,0,0,0,0.5,-1.0,-1.0,1,0,0,1,0,0,0,0,0,0,2,2,2,0,0,0,2,0,0,7,0,0,0,0,0,1,0,2,1,2,0,0,0,0,12,1,0
/Users/bilgem/software_design_project/anomaly-detection/src/main/java/org/opensearch/ad/ml/RcfResult.java,org.opensearch.ad.ml.RcfResult,class,2,4,2,2,12,1,0,4,0,0.5555556,0.0,0.0,9,0,9,0,0,0,9,0,0,0,6,0,0,6,0,0,6,0,7,43,10,0,3,0,0,0,0,7,0,7,1,0,0,0,47,1,0
/Users/bilgem/software_design_project/anomaly-detection/src/main/java/org/opensearch/ad/stats/ADStat.java,org.opensearch.ad.stats.ADStat,class,3,9,6,3,9,1,0,4,0,0.4166667,0.0,0.0,6,0,6,0,0,0,6,0,0,0,2,0,0,2,0,0,0,0,0,29,2,0,0,0,3,0,0,2,0,2,1,0,0,0,52,1,0
/Users/bilgem/software_design_project/anomaly-detection/src/main/java/org/opensearch/ad/MaintenanceState.java,org.opensearch.ad.MaintenanceState,interface,3,9,6,3,3,1,0,7,1,0.0,0.0,0.0,2,0,0,0,0,2,2,0,0,0,0,0,0,0,0,0,0,0,0,13,0,0,0,0,0,0,0,2,0,3,2,0,0,1,21,1,0
/Users/bilgem/software_design_project/anomaly-detection/src/main/java/org/opensearch/ad/transport/RCFResultResponse.java,org.opensearch.ad.transport.RCFResultResponse,class,9,10,1,9,12,2,0,13,0,0.69166666,0.0,0.0,10,0,10,0,0,0,10,0,0,0,12,5,5,7,0,0,5,0,1,73,7,0,0,0,0,5,2,19,0,12,1,0,0,0,70,1,0
/Users/bilgem/software_design_project/anomaly-detection/src/main/java/org/opensearch/ad/transport/ThresholdResultResponse.java,org.opensearch.ad.transport.ThresholdResultResponse,class,6,6,0,6,6,2,0,5,0,0.16666667,0.0,0.0,6,0,6,0,0,0,6,0,0,0,2,0,0,2,0,0,0,0,0,30,3,0,0,0,0,0,0,4,0,2,0,0,0,0,28,1,0
/Users/bilgem/software_design_project/anomaly-detection/src/main/java/org/opensearch/ad/feature/CompositeRetriever.java,org.opensearch.ad.feature.CompositeRetriever,class,16,18,2,16,4,2,0,28,0,0.36111107,0.0,0.0,3,0,3,0,0,0,3,0,0,0,12,2,1,11,0,0,8,0,3,157,1,1,0,0,0,2,2,17,0,18,1,0,2,1,112,1,0
/Users/bilgem/software_design_project/anomaly-detection/src/main/java/org/opensearch/ad/transport/RCFPollingResponse.java,org.opensearch.ad.transport.RCFPollingResponse,class,6,8,2,6,5,2,0,5,0,0.4,0.0,0.0,5,0,5,0,0,0,5,0,0,0,2,1,1,1,0,0,2,0,0,23,2,0,0,0,0,1,0,3,0,2,0,0,0,0,39,1,0
/Users/bilgem/software_design_project/anomaly-detection/src/main/java/org/opensearch/ad/constant/CommonErrorMessages.java,org.opensearch.ad.constant.CommonErrorMessages,class,0,2,2,0,1,1,0,1,0,0.509434,NaN,NaN,1,1,1,0,0,0,1,0,0,0,53,53,52,1,0,0,17,0,1,58,1,0,0,0,0,53,0,53,0,53,0,0,0,0,133,1,0
/Users/bilgem/software_design_project/anomaly-detection/src/main/java/org/opensearch/ad/transport/SearchAnomalyDetectorAction.java,org.opensearch.ad.transport.SearchAnomalyDetectorAction,class,2,3,1,2,1,2,0,0,0,0.5,-1.0,-1.0,1,0,0,1,0,0,0,0,0,0,2,2,2,0,0,0,2,0,0,7,0,0,0,0,0,1,0,2,1,2,0,0,0,0,12,1,0
/Users/bilgem/software_design_project/anomaly-detection/src/main/java/org/opensearch/ad/transport/EntityProfileTransportAction.java,org.opensearch.ad.transport.EntityProfileTransportAction$Anonymous1,anonymous,3,3,0,3,4,1,0,2,6,0.0,0.0,0.0,4,0,4,0,0,0,4,0,0,0,0,0,0,0,0,0,0,0,0,14,2,0,0,0,0,0,0,0,0,0,0,0,0,0,15,-1,0
/Users/bilgem/software_design_project/anomaly-detection/src/main/java/org/opensearch/ad/model/ADTaskAction.java,org.opensearch.ad.model.ADTaskAction,enum,0,3,3,0,0,1,0,0,0,0.0,-1.0,-1.0,0,0,0,0,0,0,0,0,0,0,0,0,0,0,0,0,0,0,0,10,0,0,0,0,0,0,0,0,0,0,0,0,0,0,107,1,0
/Users/bilgem/software_design_project/anomaly-detection/src/main/java/org/opensearch/ad/AnomalyDetectorPlugin.java,org.opensearch.ad.AnomalyDetectorPlugin,class,133,134,1,133,17,2,0,60,83,0.90372676,0.0,0.0,14,1,12,1,1,0,14,0,0,0,23,10,8,14,0,1,9,0,19,179,14,0,1,1,0,9,11,72,7,74,3,1,0,3,230,1,1
/Users/bilgem/software_design_project/anomaly-detection/src/main/java/org/opensearch/ad/settings/EnabledSetting.java,org.opensearch.ad.settings.EnabledSetting$Anonymous1,anonymous,1,1,0,1,1,1,0,2,0,0.0,NaN,NaN,0,0,0,0,0,0,1,0,0,0,0,0,0,0,0,0,0,0,0,10,0,0,0,0,0,0,0,2,0,2,0,0,0,0,8,-1,0
/Users/bilgem/software_design_project/anomaly-detection/src/main/java/org/opensearch/ad/util/ParseUtils.java,org.opensearch.ad.util.ParseUtils,class,41,63,22,41,86,1,0,109,264,0.8333333,0.0,0.0,24,23,22,2,0,0,22,0,0,0,1,1,0,1,0,0,1,0,16,308,27,12,34,2,4,52,10,58,19,57,5,0,0,6,264,17,4
/Users/bilgem/software_design_project/anomaly-detection/src/main/java/org/opensearch/ad/rest/RestSearchAnomalyDetectorAction.java,org.opensearch.ad.rest.RestSearchAnomalyDetectorAction,class,2,3,1,2,2,3,0,1,1,0.5,0.0,0.0,2,0,2,0,0,0,2,0,0,0,3,2,0,3,0,0,3,0,0,11,1,0,0,0,0,3,0,3,2,3,0,0,0,0,33,1,0
/Users/bilgem/software_design_project/anomaly-detection/src/main/java/org/opensearch/ad/transport/CronRequest.java,org.opensearch.ad.transport.CronRequest,class,3,5,2,3,3,2,0,0,3,0.0,0.0,0.0,3,0,3,0,0,0,3,0,0,0,0,0,0,0,0,0,0,0,0,11,0,0,0,0,0,0,0,0,0,0,0,0,0,0,23,1,0
/Users/bilgem/software_design_project/anomaly-detection/src/main/java/org/opensearch/ad/transport/ADResultBulkRequest.java,org.opensearch.ad.transport.ADResultBulkRequest,class,6,9,3,6,10,2,0,8,0,0.42857143,0.0,0.0,7,0,7,0,0,0,7,0,0,0,2,1,0,1,0,1,2,0,0,38,3,2,0,0,0,1,1,7,0,5,1,0,0,0,51,1,0
/Users/bilgem/software_design_project/anomaly-detection/src/main/java/org/opensearch/ad/transport/RCFPollingTransportAction.java,org.opensearch.ad.transport.RCFPollingTransportAction,class,19,21,2,19,6,2,0,22,0,0.1875,0.0,0.0,2,0,1,0,1,0,2,0,0,0,8,3,0,6,0,2,8,0,2,60,1,0,1,1,0,5,1,13,0,15,2,1,0,2,73,1,3
/Users/bilgem/software_design_project/anomaly-detection/src/main/java/org/opensearch/ad/model/ModelProfile.java,org.opensearch.ad.model.ModelProfile,class,12,21,9,12,24,1,0,15,0,0.33333334,0.0,0.0,10,0,10,0,0,0,10,0,0,0,3,0,0,3,0,0,3,0,4,90,11,0,6,0,0,0,2,11,0,6,2,0,0,0,46,1,0
/Users/bilgem/software_design_project/anomaly-detection/src/main/java/org/opensearch/ad/AnomalyDetectorProfileRunner.java,org.opensearch.ad.AnomalyDetectorProfileRunner,class,44,46,2,44,96,2,0,111,60,0.77678573,0.0,0.0,16,0,2,14,0,0,2,0,0,0,7,0,0,7,0,0,4,0,2,367,7,0,7,2,3,6,15,57,10,72,7,0,0,15,219,1,11
/Users/bilgem/software_design_project/anomaly-detection/src/main/java/org/opensearch/ad/stats/ADStats.java,org.opensearch.ad.stats.ADStats,class,2,9,7,2,9,1,0,9,3,0.33333334,0.0,0.0,6,0,5,1,0,0,5,0,0,0,1,0,0,1,0,0,0,0,0,30,5,1,1,0,0,2,0,2,1,2,2,0,0,0,52,1,0
/Users/bilgem/software_design_project/anomaly-detection/src/main/java/org/opensearch/ad/Name.java,org.opensearch.ad.Name,interface,1,4,3,1,3,1,0,2,1,0.0,0.0,0.0,2,1,0,0,0,2,2,0,0,0,0,0,0,0,0,0,0,0,0,10,1,1,0,0,0,0,0,1,0,1,1,0,0,0,12,1,0
/Users/bilgem/software_design_project/anomaly-detection/src/main/java/org/opensearch/ad/transport/ADStatsNodesTransportAction.java,org.opensearch.ad.transport.ADStatsNodesTransportAction,class,18,20,2,18,11,2,0,18,13,0.6666667,0.0,0.0,6,0,1,1,4,0,5,0,0,0,3,0,0,3,0,0,2,0,0,45,5,1,0,0,0,0,0,8,0,8,2,0,0,0,66,1,0
/Users/bilgem/software_design_project/anomaly-detection/src/main/java/org/opensearch/ad/model/TimeConfiguration.java,org.opensearch.ad.model.TimeConfiguration,class,5,9,4,5,7,1,1,9,0,0.0,NaN,NaN,1,1,1,0,0,0,1,0,0,0,3,3,3,0,0,0,3,0,1,39,1,2,2,0,0,4,1,10,0,7,4,0,0,0,59,1025,0
/Users/bilgem/software_design_project/anomaly-detection/src/main/java/org/opensearch/ad/common/exception/ADTaskCancelledException.java,org.opensearch.ad.common.exception.ADTaskCancelledException,class,1,4,3,1,2,5,0,1,0,0.0,0.0,0.0,2,0,2,0,0,0,2,0,0,0,1,0,0,1,0,0,0,0,0,11,1,0,0,0,0,0,0,1,0,1,0,0,0,0,13,1,0
/Users/bilgem/software_design_project/anomaly-detection/src/main/java/org/opensearch/ad/stats/ADStatsResponse.java,org.opensearch.ad.stats.ADStatsResponse,class,11,14,3,11,22,1,0,16,0,0.30769232,0.0,0.0,13,0,13,0,0,0,13,0,0,0,2,0,0,2,0,0,0,0,0,62,11,1,8,0,0,2,0,9,0,5,1,0,0,0,64,1,0
/Users/bilgem/software_design_project/anomaly-detection/src/main/java/org/opensearch/ad/model/EntityProfileName.java,org.opensearch.ad.model.EntityProfileName,enum,2,7,5,2,8,1,0,1,0,0.25,0.0,0.0,4,2,3,0,0,1,4,0,0,0,1,0,0,1,0,0,0,0,1,25,6,0,0,0,0,1,0,1,0,1,1,0,0,0,29,1,0
/Users/bilgem/software_design_project/anomaly-detection/src/main/java/org/opensearch/ad/transport/StopDetectorRequest.java,org.opensearch.ad.transport.StopDetectorRequest,class,10,12,2,10,12,2,0,9,0,0.22222222,0.0,0.0,9,1,9,0,0,0,9,0,0,0,1,0,0,1,0,0,0,0,0,51,6,0,0,2,0,1,0,8,0,5,2,0,0,0,44,1,0
/Users/bilgem/software_design_project/anomaly-detection/src/main/java/org/opensearch/ad/rest/RestStatsAnomalyDetectorAction.java,org.opensearch.ad.rest.RestStatsAnomalyDetectorAction,class,14,16,2,14,16,2,0,22,13,0.7916667,0.0,0.0,6,0,4,1,1,0,5,0,0,0,4,1,0,4,0,0,1,0,2,69,5,1,2,0,0,18,1,15,9,14,3,0,0,1,83,1,0
/Users/bilgem/software_design_project/anomaly-detection/src/main/java/org/opensearch/ad/transport/DeleteAnomalyDetectorRequest.java,org.opensearch.ad.transport.DeleteAnomalyDetectorRequest,class,4,6,2,4,6,2,0,5,0,0.0,0.0,0.0,5,0,5,0,0,0,5,0,0,0,1,0,0,1,0,0,0,0,0,25,2,0,0,0,0,0,0,4,0,2,1,0,0,0,24,1,0
/Users/bilgem/software_design_project/anomaly-detection/src/main/java/org/opensearch/ad/transport/DeleteAnomalyResultsTransportAction.java,org.opensearch.ad.transport.DeleteAnomalyResultsTransportAction,class,15,17,2,15,8,2,0,17,0,0.5,0.0,0.0,4,0,2,1,1,0,3,0,0,0,3,1,0,3,0,0,2,0,3,39,0,0,1,2,0,0,0,7,0,7,2,0,0,1,44,1,1
/Users/bilgem/software_design_project/anomaly-detection/src/main/java/org/opensearch/ad/transport/SearchADTasksAction.java,org.opensearch.ad.transport.SearchADTasksAction,class,2,3,1,2,1,2,0,0,0,0.5,-1.0,-1.0,1,0,0,1,0,0,0,0,0,0,2,2,2,0,0,0,2,0,0,7,0,0,0,0,0,1,0,2,1,2,0,0,0,0,12,1,0
/Users/bilgem/software_design_project/anomaly-detection/src/main/java/org/opensearch/ad/transport/EntityResultAction.java,org.opensearch.ad.transport.EntityResultAction,class,2,3,1,2,1,2,0,0,0,0.5,-1.0,-1.0,1,0,0,1,0,0,0,0,0,0,2,2,2,0,0,0,2,0,0,7,0,0,0,0,0,1,0,2,1,2,0,0,0,0,11,1,0
/Users/bilgem/software_design_project/anomaly-detection/src/main/java/org/opensearch/ad/rest/handler/IndexAnomalyDetectorJobActionHandler.java,org.opensearch.ad.rest.handler.IndexAnomalyDetectorJobActionHandler,class,27,30,3,27,22,1,0,70,0,0.5959596,0.0,0.0,9,0,3,6,0,0,3,0,0,0,11,0,0,11,0,0,11,0,9,158,3,0,4,3,1,9,0,29,6,41,4,1,0,13,140,1,5
/Users/bilgem/software_design_project/anomaly-detection/src/main/java/org/opensearch/ad/task/ADRealtimeTaskCache.java,org.opensearch.ad.task.ADRealtimeTaskCache,class,0,2,2,0,10,1,0,2,12,0.6888889,0.0,0.0,9,0,9,0,0,0,9,0,0,0,5,0,0,5,0,0,0,0,2,38,4,0,0,0,0,0,1,9,2,5,0,0,0,0,38,1,0
/Users/bilgem/software_design_project/anomaly-detection/src/main/java/org/opensearch/ad/rest/handler/IndexAnomalyDetectorActionHandler.java,org.opensearch.ad.rest.handler.IndexAnomalyDetectorActionHandler$Anonymous1,anonymous,4,4,0,4,5,1,0,11,1,0.0,0.0,0.0,2,0,2,0,0,0,2,0,0,0,0,0,0,0,0,0,0,0,0,19,1,0,2,0,0,4,0,1,1,1,1,0,0,0,29,-1,1
/Users/bilgem/software_design_project/anomaly-detection/src/main/java/org/opensearch/ad/cluster/diskcleanup/ModelCheckpointIndexRetention.java,org.opensearch.ad.cluster.diskcleanup.ModelCheckpointIndexRetention,class,5,7,2,5,7,1,0,18,0,0.3809524,0.0,0.0,3,0,2,1,0,0,2,0,0,0,7,4,0,6,0,1,7,0,1,46,1,0,0,0,0,4,8,9,3,12,3,0,0,4,113,1,3
/Users/bilgem/software_design_project/anomaly-detection/src/main/java/org/opensearch/ad/transport/ProfileNodeRequest.java,org.opensearch.ad.transport.ProfileNodeRequest,class,5,6,1,5,6,2,0,5,0,0.0,0.0,0.0,6,0,6,0,0,0,6,0,0,0,1,0,0,1,0,0,0,0,0,23,3,0,0,0,0,0,0,2,0,1,0,0,0,0,51,1,0
/Users/bilgem/software_design_project/anomaly-detection/src/main/java/org/opensearch/ad/rest/RestDeleteAnomalyResultsAction.java,org.opensearch.ad.rest.RestDeleteAnomalyResultsAction,class,12,14,2,12,6,2,0,16,6,0.75,0.0,0.0,4,0,3,0,1,0,4,0,0,0,2,2,0,2,0,0,2,0,1,34,3,0,0,1,0,3,0,5,1,8,2,0,0,3,75,1,1
/Users/bilgem/software_design_project/anomaly-detection/src/main/java/org/opensearch/ad/cluster/HourlyCron.java,org.opensearch.ad.cluster.HourlyCron,class,6,8,2,6,4,1,0,9,0,0.33333334,0.0,0.0,2,0,2,0,0,0,2,0,0,0,6,4,0,3,0,3,4,0,0,30,0,1,0,0,0,3,0,8,0,10,3,0,0,2,39,1,3
/Users/bilgem/software_design_project/anomaly-detection/src/main/java/org/opensearch/ad/NodeState.java,org.opensearch.ad.NodeState,class,3,5,2,3,16,1,0,6,76,0.8194444,0.0,0.0,16,0,15,1,0,0,15,0,0,0,9,0,0,9,0,0,1,0,4,79,8,0,0,0,0,0,1,16,0,9,0,0,0,0,80,1,0
/Users/bilgem/software_design_project/anomaly-detection/src/main/java/org/opensearch/ad/transport/AnomalyDetectorJobAction.java,org.opensearch.ad.transport.AnomalyDetectorJobAction,class,2,3,1,2,1,2,0,0,0,0.5,-1.0,-1.0,1,0,0,1,0,0,0,0,0,0,2,2,2,0,0,0,2,0,0,7,0,0,0,0,0,1,0,2,1,2,0,0,0,0,12,1,0
/Users/bilgem/software_design_project/anomaly-detection/src/main/java/org/opensearch/ad/model/DetectorProfile.java,org.opensearch.ad.model.DetectorProfile,class,15,22,7,15,93,1,0,40,93,0.7096773,0.0,0.0,31,0,30,1,0,0,30,0,0,0,11,0,0,11,0,0,0,0,0,372,21,1,49,0,0,0,15,38,0,16,2,0,1,0,68,1,0
/Users/bilgem/software_design_project/anomaly-detection/src/main/java/org/opensearch/ad/settings/NumericSetting.java,org.opensearch.ad.settings.NumericSetting,class,3,8,5,3,4,2,0,3,1,0.5555556,0.0,0.0,3,2,2,1,0,0,2,0,0,1,3,3,1,2,0,0,2,0,2,22,2,0,1,0,0,1,0,3,0,3,1,1,0,0,43,1,0
/Users/bilgem/software_design_project/anomaly-detection/src/main/java/org/opensearch/ad/rest/RestDeleteAnomalyDetectorAction.java,org.opensearch.ad.rest.RestDeleteAnomalyDetectorAction,class,12,14,2,12,6,2,0,6,10,0.93333334,0.0,0.0,5,0,4,0,1,0,5,0,0,0,3,2,1,2,0,0,3,0,3,24,4,0,0,0,0,3,0,5,0,6,1,0,0,1,51,1,0
/Users/bilgem/software_design_project/anomaly-detection/src/main/java/org/opensearch/ad/model/ADTaskType.java,org.opensearch.ad.model.ADTaskType,enum,1,4,3,1,1,1,0,6,0,1.0,NaN,NaN,1,1,1,0,0,0,1,0,0,0,4,4,4,0,0,0,0,0,1,8,1,0,0,0,0,0,0,4,0,5,0,0,0,1,26,1,0
/Users/bilgem/software_design_project/anomaly-detection/src/main/java/org/opensearch/ad/ratelimit/EntityColdStartWorker.java,org.opensearch.ad.ratelimit.EntityColdStartWorker,class,17,20,3,17,4,4,0,16,0,0.33333334,0.0,0.0,2,0,1,0,1,0,2,0,0,0,3,2,1,2,0,0,3,0,1,30,1,0,1,0,0,3,1,8,0,10,2,0,0,1,92,1,2
/Users/bilgem/software_design_project/anomaly-detection/src/main/java/org/opensearch/ad/AbstractProfileRunner.java,org.opensearch.ad.AbstractProfileRunner,class,1,3,2,1,2,1,2,2,0,0.0,0.0,0.0,2,0,1,0,1,0,2,0,0,0,1,0,0,0,1,0,0,0,2,11,1,0,0,0,2,1,2,3,4,3,0,0,0,0,15,1025,0
/Users/bilgem/software_design_project/anomaly-detection/src/main/java/org/opensearch/ad/util/ThrowingSupplierWrapper.java,org.opensearch.ad.util.ThrowingSupplierWrapper,class,2,3,1,2,3,1,0,1,1,0.0,NaN,NaN,2,1,1,1,0,0,1,0,0,0,0,0,0,0,0,0,0,0,0,15,2,0,0,1,0,0,0,0,0,0,2,0,0,1,35,1,0
/Users/bilgem/software_design_project/anomaly-detection/src/main/java/org/opensearch/ad/DetectorModelSize.java,org.opensearch.ad.DetectorModelSize,interface,0,3,3,0,1,1,0,0,0,0.0,NaN,NaN,1,0,0,0,0,1,1,0,0,0,0,0,0,0,0,0,0,0,0,3,0,0,0,0,0,0,0,0,0,0,0,0,0,0,21,1,0
/Users/bilgem/software_design_project/anomaly-detection/src/main/java/org/opensearch/ad/transport/ForwardADTaskRequest.java,org.opensearch.ad.transport.ForwardADTaskRequest,class,13,16,3,13,36,2,0,21,0,0.52941185,0.0,0.0,17,0,17,0,0,0,17,0,0,0,7,0,0,7,0,0,0,0,8,133,12,0,14,0,1,2,1,27,1,9,1,0,0,0,96,1,0
/Users/bilgem/software_design_project/anomaly-detection/src/main/java/org/opensearch/ad/ml/HybridThresholdingModel.java,org.opensearch.ad.ml.HybridThresholdingModel,class,9,11,2,9,31,1,0,25,64,0.8194444,0.0,0.0,16,0,13,3,0,0,13,0,0,0,9,3,1,8,0,0,3,0,7,118,11,4,0,0,10,9,26,32,20,27,1,0,0,0,299,1,0
/Users/bilgem/software_design_project/anomaly-detection/src/main/java/org/opensearch/ad/ratelimit/BatchWorker.java,org.opensearch.ad.ratelimit.BatchWorker,class,15,19,4,15,6,3,0,11,8,0.70000005,0.0,0.0,5,0,1,0,4,0,5,3,0,0,2,1,0,1,1,0,1,0,0,24,0,0,1,0,0,0,0,7,0,7,1,0,0,1,82,1025,0
/Users/bilgem/software_design_project/anomaly-detection/src/main/java/org/opensearch/ad/MemoryTracker.java,org.opensearch.ad.MemoryTracker$Origin,enum,0,0,0,0,0,1,0,0,0,0.0,-1.0,-1.0,0,0,0,0,0,0,0,0,0,0,0,0,0,0,0,0,0,0,0,1,0,0,0,0,0,0,0,0,0,0,0,0,0,0,17,1,0
/Users/bilgem/software_design_project/anomaly-detection/src/main/java/org/opensearch/ad/stats/suppliers/ModelsOnNodeSupplier.java,org.opensearch.ad.stats.suppliers.ModelsOnNodeSupplier,class,6,7,1,6,2,1,0,20,0,0.125,0.0,0.0,2,0,2,0,0,0,2,0,0,0,4,1,1,3,0,0,0,0,3,17,1,0,0,0,0,0,0,6,0,8,0,0,0,3,60,1,0
/Users/bilgem/software_design_project/anomaly-detection/src/main/java/org/opensearch/ad/transport/RCFResultRequest.java,org.opensearch.ad.transport.RCFResultRequest,class,8,9,1,8,15,2,0,15,0,0.40625,0.0,0.0,8,0,8,0,0,0,8,0,0,0,4,1,1,3,0,0,1,0,0,65,5,3,2,0,0,1,2,14,0,7,1,0,0,0,54,1,0
/Users/bilgem/software_design_project/anomaly-detection/src/main/java/org/opensearch/ad/util/RestHandlerUtils.java,org.opensearch.ad.util.RestHandlerUtils,class,21,38,17,21,27,1,0,28,36,0.98666674,0.0,0.0,9,8,7,2,0,0,7,0,0,0,25,25,22,3,0,0,25,0,3,119,13,0,4,0,1,32,2,38,1,39,3,0,0,3,149,17,1
/Users/bilgem/software_design_project/anomaly-detection/src/main/java/org/opensearch/ad/transport/StopDetectorAction.java,org.opensearch.ad.transport.StopDetectorAction,class,2,3,1,2,1,2,0,0,0,0.5,-1.0,-1.0,1,0,0,1,0,0,0,0,0,0,2,2,2,0,0,0,2,0,0,7,0,0,0,0,0,1,0,2,1,2,0,0,0,0,11,1,0
/Users/bilgem/software_design_project/anomaly-detection/src/main/java/org/opensearch/ad/transport/ADStatsNodesResponse.java,org.opensearch.ad.transport.ADStatsNodesResponse,class,10,12,2,10,7,2,0,9,15,0.8333333,0.0,0.0,6,0,6,0,0,0,6,0,0,0,1,1,0,1,0,0,1,0,0,32,2,1,0,0,0,1,0,3,0,3,1,0,0,0,56,1,0
/Users/bilgem/software_design_project/anomaly-detection/src/main/java/org/opensearch/ad/transport/AnomalyDetectorJobTransportAction.java,org.opensearch.ad.transport.AnomalyDetectorJobTransportAction,class,21,23,2,21,7,2,0,22,0,0.29629627,0.0,0.0,3,0,1,1,1,0,2,0,0,0,9,0,0,9,0,0,8,0,3,51,0,0,0,1,0,0,0,22,0,23,1,0,0,2,84,1,1
/Users/bilgem/software_design_project/anomaly-detection/src/main/java/org/opensearch/ad/settings/AbstractSetting.java,org.opensearch.ad.settings.AbstractSetting,class,5,9,4,5,8,1,2,13,0,0.625,0.0,0.0,6,0,3,2,1,0,4,0,0,0,4,1,0,4,0,0,2,0,0,34,3,1,0,0,0,4,0,4,1,5,2,0,0,1,75,1025,1
/Users/bilgem/software_design_project/anomaly-detection/src/main/java/org/opensearch/ad/transport/AnomalyResultRequest.java,org.opensearch.ad.transport.AnomalyResultRequest,class,10,13,3,10,15,2,0,12,0,0.33333334,0.0,0.0,9,1,9,0,0,0,9,0,0,0,3,0,0,3,0,0,0,0,1,64,7,0,0,2,0,2,2,12,0,7,2,0,0,0,48,1,0
/Users/bilgem/software_design_project/anomaly-detection/src/main/java/org/opensearch/ad/model/FeatureData.java,org.opensearch.ad.model.FeatureData,class,9,18,9,9,17,1,0,19,0,0.6166667,0.0,0.0,10,1,10,0,0,0,10,0,0,0,6,3,3,3,0,0,6,0,0,69,9,1,4,0,0,3,0,18,0,12,2,0,0,0,58,1,0
/Users/bilgem/software_design_project/anomaly-detection/src/main/java/org/opensearch/ad/model/EntityProfile.java,org.opensearch.ad.model.EntityProfile$Builder,innerclass,5,5,0,5,7,1,0,0,9,0.7142858,0.0,0.0,7,0,7,0,0,0,7,0,0,0,6,0,0,6,0,0,0,0,0,35,7,0,0,0,0,0,2,12,0,6,0,0,0,0,23,9,0
/Users/bilgem/software_design_project/anomaly-detection/src/main/java/org/opensearch/ad/rest/AbstractSearchAction.java,org.opensearch.ad.rest.AbstractSearchAction$Anonymous1,anonymous,7,7,0,7,4,1,0,18,0,0.0,NaN,NaN,1,0,1,0,0,0,1,0,0,0,0,0,0,0,0,0,0,0,1,17,2,1,1,0,0,0,0,3,0,3,2,0,0,0,23,-1,0
/Users/bilgem/software_design_project/anomaly-detection/src/main/java/org/opensearch/ad/model/ModelProfileOnNode.java,org.opensearch.ad.model.ModelProfileOnNode,class,11,20,9,11,15,1,0,14,0,0.39393938,0.0,0.0,11,0,11,0,0,0,11,0,0,0,3,1,1,2,0,0,3,0,0,58,12,0,3,0,0,1,0,8,0,6,1,0,0,0,43,1,0
/Users/bilgem/software_design_project/anomaly-detection/src/main/java/org/opensearch/ad/cluster/ADNodeInfo.java,org.opensearch.ad.cluster.ADNodeInfo,class,1,2,1,1,4,1,0,0,0,0.25,0.0,0.0,4,0,4,0,0,0,4,0,0,0,2,0,0,2,0,0,0,0,0,17,3,0,0,0,0,3,0,2,2,2,0,0,0,0,24,1,0
/Users/bilgem/software_design_project/anomaly-detection/src/main/java/org/opensearch/ad/ratelimit/QueuedRequest.java,org.opensearch.ad.ratelimit.QueuedRequest,class,1,8,7,1,6,1,3,0,1,0.5555556,0.0,0.0,6,0,5,0,1,0,6,0,0,0,3,0,0,0,3,0,0,0,0,25,3,0,0,0,0,0,0,5,0,3,0,0,0,0,38,1025,0
/Users/bilgem/software_design_project/anomaly-detection/src/main/java/org/opensearch/ad/caching/DoorKeeper.java,org.opensearch.ad.caching.DoorKeeper,class,4,7,3,4,7,1,0,9,0,0.4571429,0.0,0.0,5,0,5,0,0,0,5,0,0,0,7,0,0,7,0,0,4,0,0,34,3,0,1,0,0,0,0,9,0,7,1,0,0,0,42,1,0
/Users/bilgem/software_design_project/anomaly-detection/src/main/java/org/opensearch/ad/caching/EntityCache.java,org.opensearch.ad.caching.EntityCache,interface,9,16,7,9,13,1,0,0,78,0.0,0.0,0.0,13,0,0,0,0,13,13,0,0,0,0,0,0,0,0,0,0,0,0,15,0,0,0,0,0,0,0,0,0,0,0,0,0,0,123,1,0
/Users/bilgem/software_design_project/anomaly-detection/src/main/java/org/opensearch/ad/transport/handler/MultiEntityResultHandler.java,org.opensearch.ad.transport.handler.MultiEntityResultHandler,class,17,20,3,17,9,2,0,19,1,0.5555556,0.0,0.0,3,0,2,1,0,0,2,0,0,0,3,3,0,1,0,2,3,0,1,59,2,0,0,1,0,9,1,3,0,7,4,0,0,4,106,1,5
/Users/bilgem/software_design_project/anomaly-detection/src/main/java/org/opensearch/ad/transport/ThresholdResultAction.java,org.opensearch.ad.transport.ThresholdResultAction,class,2,3,1,2,1,2,0,0,0,0.5,-1.0,-1.0,1,0,0,1,0,0,0,0,0,0,2,2,2,0,0,0,2,0,0,7,0,0,0,0,0,1,0,2,1,2,0,0,0,0,11,1,0
/Users/bilgem/software_design_project/anomaly-detection/src/main/java/org/opensearch/ad/settings/LegacyOpenDistroAnomalyDetectorSettings.java,org.opensearch.ad.settings.LegacyOpenDistroAnomalyDetectorSettings,class,2,2,0,2,1,1,0,12,0,0.0,-1.0,-1.0,1,0,0,1,0,0,0,0,0,0,27,27,27,0,0,0,26,0,0,31,0,0,0,0,0,26,54,27,0,27,0,0,0,0,33,1,0
/Users/bilgem/software_design_project/anomaly-detection/src/main/java/org/opensearch/ad/transport/ADCancelTaskRequest.java,org.opensearch.ad.transport.ADCancelTaskRequest,class,5,8,3,5,11,2,0,6,0,0.44444445,0.0,0.0,9,0,9,0,0,0,9,0,0,0,4,0,0,4,0,0,0,0,0,51,5,0,0,0,0,0,1,10,0,5,1,0,0,0,32,1,0
/Users/bilgem/software_design_project/anomaly-detection/src/main/java/org/opensearch/ad/model/AnomalyDetectorJob.java,org.opensearch.ad.model.AnomalyDetectorJob$ScheduleType,enum,0,0,0,0,0,1,0,0,0,0.0,-1.0,-1.0,0,0,0,0,0,0,0,0,0,0,0,0,0,0,0,0,0,0,0,1,0,0,0,0,0,0,0,0,0,0,0,0,0,0,11,0,0
/Users/bilgem/software_design_project/anomaly-detection/src/main/java/org/opensearch/ad/transport/AnomalyResultTransportAction.java,org.opensearch.ad.transport.AnomalyResultTransportAction$RCFActionListener,innerclass,9,9,0,9,7,1,0,13,0,0.14285715,0.0,0.0,3,0,2,0,0,1,3,0,0,0,7,0,0,7,0,0,1,0,0,50,0,0,2,2,0,4,0,8,1,8,2,0,0,0,52,0,3
/Users/bilgem/software_design_project/anomaly-detection/src/main/java/org/opensearch/ad/common/exception/EndRunException.java,org.opensearch.ad.common.exception.EndRunException,class,1,11,10,1,4,6,1,0,0,0.0,0.0,0.0,4,0,4,0,0,0,4,0,0,0,1,0,0,1,0,0,0,0,0,18,1,0,0,0,0,0,0,3,0,1,0,0,0,0,36,1,0
/Users/bilgem/software_design_project/anomaly-detection/src/main/java/org/opensearch/ad/transport/StopDetectorTransportAction.java,org.opensearch.ad.transport.StopDetectorTransportAction,class,17,19,2,17,5,2,0,14,0,0.16666667,0.0,0.0,2,0,1,0,1,0,2,0,0,0,3,1,0,3,0,0,3,0,1,41,0,1,0,1,0,5,0,8,1,10,4,0,0,2,62,1,5
/Users/bilgem/software_design_project/anomaly-detection/src/main/java/org/opensearch/ad/util/ClientUtil.java,org.opensearch.ad.util.ClientUtil,class,25,37,12,25,26,1,0,40,1,0.6,0.0,0.0,10,0,7,3,0,0,7,0,0,0,4,0,0,4,0,0,1,0,2,156,6,1,4,3,0,20,2,19,6,29,3,0,0,12,149,1,13
/Users/bilgem/software_design_project/anomaly-detection/src/main/java/org/opensearch/ad/model/InitProgressProfile.java,org.opensearch.ad.model.InitProgressProfile,class,10,19,9,10,18,1,0,14,0,0.5,0.0,0.0,10,0,10,0,0,0,10,0,0,0,6,3,3,3,0,0,6,0,0,73,11,0,3,0,0,3,4,12,0,9,1,0,0,0,100,1,0
/Users/bilgem/software_design_project/anomaly-detection/src/main/java/org/opensearch/ad/transport/ThresholdResultRequest.java,org.opensearch.ad.transport.ThresholdResultRequest,class,7,8,1,7,10,2,0,10,0,0.29166666,0.0,0.0,8,0,8,0,0,0,8,0,0,0,3,0,0,3,0,0,0,0,0,50,5,0,0,0,0,0,0,9,0,4,1,0,0,0,57,1,0
/Users/bilgem/software_design_project/anomaly-detection/src/main/java/org/opensearch/ad/rest/RestSearchAnomalyDetectorInfoAction.java,org.opensearch.ad.rest.RestSearchAnomalyDetectorInfoAction,class,11,13,2,11,6,2,0,7,10,0.9,0.0,0.0,5,0,4,0,1,0,5,0,0,0,2,2,1,1,0,0,2,0,5,24,4,0,0,0,0,6,0,5,0,6,1,0,0,1,46,1,0
/Users/bilgem/software_design_project/anomaly-detection/src/main/java/org/opensearch/ad/model/DetectorProfileName.java,org.opensearch.ad.model.DetectorProfileName,enum,2,9,7,2,14,1,0,1,0,0.25,0.0,0.0,4,2,3,0,0,1,4,0,0,0,1,0,0,1,0,0,0,0,1,37,12,0,0,0,0,1,0,1,0,1,1,0,0,0,34,1,0
/Users/bilgem/software_design_project/anomaly-detection/src/main/java/org/opensearch/ad/ratelimit/SingleRequestWorker.java,org.opensearch.ad.ratelimit.SingleRequestWorker,class,12,14,2,12,6,3,0,9,3,1.0,0.0,0.0,3,0,1,0,2,0,3,1,0,0,1,1,0,1,0,0,1,0,0,25,2,0,3,0,0,0,0,6,0,5,1,0,0,0,58,1025,0
/Users/bilgem/software_design_project/anomaly-detection/src/main/java/org/opensearch/ad/transport/AnomalyResultTransportAction.java,org.opensearch.ad.transport.AnomalyResultTransportAction,class,71,76,5,71,87,2,0,121,66,0.88035715,0.0,0.0,20,0,1,17,1,1,3,0,0,0,28,9,0,20,0,8,24,0,6,590,35,1,7,3,8,37,3,79,9,91,4,0,3,21,434,1,16
/Users/bilgem/software_design_project/anomaly-detection/src/main/java/org/opensearch/ad/ratelimit/RateLimitedRequestWorker.java,org.opensearch.ad.ratelimit.RateLimitedRequestWorker,class,15,21,6,15,71,1,0,73,47,0.85277796,0.0,0.0,18,0,5,6,7,0,12,1,0,0,20,1,0,10,10,0,7,0,6,328,14,9,18,6,5,6,10,57,9,48,3,0,1,3,221,1025,6
/Users/bilgem/software_design_project/anomaly-detection/src/main/java/org/opensearch/ad/transport/DeleteModelNodeResponse.java,org.opensearch.ad.transport.DeleteModelNodeResponse,class,7,10,3,7,4,2,0,5,6,0.75,0.0,0.0,4,1,4,0,0,0,4,0,0,0,1,1,0,0,0,1,0,0,0,18,2,0,0,0,0,1,0,1,0,1,0,0,0,0,27,1,0
/Users/bilgem/software_design_project/anomaly-detection/src/main/java/org/opensearch/ad/transport/RCFPollingRequest.java,org.opensearch.ad.transport.RCFPollingRequest,class,7,9,2,7,7,2,0,8,0,0.0,0.0,0.0,6,0,6,0,0,0,6,0,0,0,1,0,0,1,0,0,0,0,0,31,3,0,0,0,0,0,0,4,0,2,1,0,0,0,34,1,0
/Users/bilgem/software_design_project/anomaly-detection/src/main/java/org/opensearch/ad/model/Entity.java,org.opensearch.ad.model.Entity,class,13,49,36,13,42,1,0,55,4,0.80833334,0.0,0.0,20,8,18,2,0,0,18,0,0,0,6,4,2,4,0,0,5,0,17,169,25,9,11,1,0,5,11,30,4,25,3,0,0,0,302,1,0
/Users/bilgem/software_design_project/anomaly-detection/src/main/java/org/opensearch/ad/rest/RestSearchAnomalyResultAction.java,org.opensearch.ad.rest.RestSearchAnomalyResultAction,class,2,3,1,2,2,3,0,1,1,0.5,0.0,0.0,2,0,2,0,0,0,2,0,0,0,3,2,0,3,0,0,3,0,0,11,1,0,0,0,0,3,0,3,2,3,0,0,0,0,34,1,0
/Users/bilgem/software_design_project/anomaly-detection/src/main/java/org/opensearch/ad/breaker/MemoryCircuitBreaker.java,org.opensearch.ad.breaker.MemoryCircuitBreaker,class,2,3,1,2,4,2,0,4,0,0.33333334,0.0,0.0,3,0,3,0,0,0,3,0,0,0,2,1,1,1,0,0,2,0,0,15,1,0,0,0,0,0,1,3,0,2,0,0,0,0,29,1,0
/Users/bilgem/software_design_project/anomaly-detection/src/main/java/org/opensearch/ad/task/ADBatchTaskCache.java,org.opensearch.ad.task.ADBatchTaskCache,class,5,6,1,5,15,1,0,23,81,0.87222224,0.0,0.0,15,0,2,0,13,0,15,0,0,0,12,0,0,12,0,0,3,0,0,71,12,0,0,0,0,0,3,17,2,16,0,0,0,0,77,1,0
/Users/bilgem/software_design_project/anomaly-detection/src/main/java/org/opensearch/ad/model/IntervalTimeConfiguration.java,org.opensearch.ad.model.IntervalTimeConfiguration,class,7,18,11,7,17,2,0,15,0,0.5,0.0,0.0,10,1,10,0,0,0,10,0,0,0,3,1,0,3,0,0,1,0,3,48,9,0,5,0,0,2,1,6,0,4,1,0,0,0,64,1,0
/Users/bilgem/software_design_project/anomaly-detection/src/main/java/org/opensearch/ad/transport/ADTaskProfileAction.java,org.opensearch.ad.transport.ADTaskProfileAction,class,2,3,1,2,1,2,0,0,0,0.5,-1.0,-1.0,1,0,0,1,0,0,0,0,0,0,2,2,2,0,0,0,2,0,0,7,0,0,0,0,0,1,0,2,1,2,0,0,0,0,15,1,0
/Users/bilgem/software_design_project/anomaly-detection/src/main/java/org/opensearch/ad/breaker/ThresholdCircuitBreaker.java,org.opensearch.ad.breaker.ThresholdCircuitBreaker,class,2,3,1,2,3,1,0,0,1,0.33333334,0.0,0.0,3,0,3,0,0,0,3,1,0,0,1,0,0,1,0,0,0,0,0,10,1,0,0,0,0,0,0,1,0,1,0,0,0,0,15,1025,0
